-- CONTROLE DE PRODUÇÃO DE PEÇAS

INSERT INTO pecas (pk_ID_peca, descricao_peca, material, peso, dimensao) VALUES (1, 'Porca', 'Madeira', 531.24, '12x6x3');
INSERT INTO pecas (pk_ID_peca, descricao_peca, material, peso, dimensao) VALUES (2, 'Pistão', 'Alumínio', 66.51, '18x9x5');
INSERT INTO pecas (pk_ID_peca, descricao_peca, material, peso, dimensao) VALUES (3, 'Pistão', 'Madeira', 860.77, '10x5x3');
INSERT INTO pecas (pk_ID_peca, descricao_peca, material, peso, dimensao) VALUES (4, 'Pistão', 'Latão', 613.96, '12x6x3');
INSERT INTO pecas (pk_ID_peca, descricao_peca, material, peso, dimensao) VALUES (5, 'Mola', 'Madeira', 19.19, '15x8x4');
INSERT INTO pecas (pk_ID_peca, descricao_peca, material, peso, dimensao) VALUES (6, 'Porca', 'Plástico', 709.0, '18x9x5');
INSERT INTO pecas (pk_ID_peca, descricao_peca, material, peso, dimensao) VALUES (7, 'Pino', 'Madeira', 263.8, '10x5x3');
INSERT INTO pecas (pk_ID_peca, descricao_peca, material, peso, dimensao) VALUES (8, 'Parafuso', 'Plástico', 337.93, '20x10x6');
INSERT INTO pecas (pk_ID_peca, descricao_peca, material, peso, dimensao) VALUES (9, 'Mola', 'Latão', 443.61, '18x9x5');
INSERT INTO pecas (pk_ID_peca, descricao_peca, material, peso, dimensao) VALUES (10, 'Suporte', 'Borracha', 41.63, '10x5x3');
INSERT INTO pecas (pk_ID_peca, descricao_peca, material, peso, dimensao) VALUES (11, 'Porca', 'Plástico', 975.81, '10x5x3');
INSERT INTO pecas (pk_ID_peca, descricao_peca, material, peso, dimensao) VALUES (12, 'Pino', 'Madeira', 61.1, '15x8x4');
INSERT INTO pecas (pk_ID_peca, descricao_peca, material, peso, dimensao) VALUES (13, 'Pino', 'Aço', 475.4, '18x9x5');
INSERT INTO pecas (pk_ID_peca, descricao_peca, material, peso, dimensao) VALUES (14, 'Engrenagem', 'Latão', 178.36, '12x6x3');
INSERT INTO pecas (pk_ID_peca, descricao_peca, material, peso, dimensao) VALUES (15, 'Parafuso', 'Ferro', 539.58, '10x5x3');
INSERT INTO pecas (pk_ID_peca, descricao_peca, material, peso, dimensao) VALUES (16, 'Engrenagem', 'Ferro', 269.86, '18x9x5');
INSERT INTO pecas (pk_ID_peca, descricao_peca, material, peso, dimensao) VALUES (17, 'Engrenagem', 'Alumínio', 547.49, '18x9x5');
INSERT INTO pecas (pk_ID_peca, descricao_peca, material, peso, dimensao) VALUES (18, 'Mola', 'Borracha', 567.86, '10x5x3');
INSERT INTO pecas (pk_ID_peca, descricao_peca, material, peso, dimensao) VALUES (19, 'Mola', 'Alumínio', 138.61, '18x9x5');
INSERT INTO pecas (pk_ID_peca, descricao_peca, material, peso, dimensao) VALUES (20, 'Parafuso', 'Plástico', 640.17, '12x6x3');
INSERT INTO pecas (pk_ID_peca, descricao_peca, material, peso, dimensao) VALUES (21, 'Mola', 'Borracha', 670.84, '15x8x4');
INSERT INTO pecas (pk_ID_peca, descricao_peca, material, peso, dimensao) VALUES (22, 'Engrenagem', 'Aço', 521.32, '20x10x6');
INSERT INTO pecas (pk_ID_peca, descricao_peca, material, peso, dimensao) VALUES (23, 'Suporte', 'Aço', 478.64, '10x5x3');
INSERT INTO pecas (pk_ID_peca, descricao_peca, material, peso, dimensao) VALUES (24, 'Pino', 'Aço', 185.71, '10x5x3');
INSERT INTO pecas (pk_ID_peca, descricao_peca, material, peso, dimensao) VALUES (25, 'Parafuso', 'Ferro', 306.98, '15x8x4');
INSERT INTO pecas (pk_ID_peca, descricao_peca, material, peso, dimensao) VALUES (26, 'Engrenagem', 'Ferro', 662.61, '10x5x3');
INSERT INTO pecas (pk_ID_peca, descricao_peca, material, peso, dimensao) VALUES (27, 'Mola', 'Borracha', 928.34, '15x8x4');
INSERT INTO pecas (pk_ID_peca, descricao_peca, material, peso, dimensao) VALUES (28, 'Engrenagem', 'Aço', 20.07, '15x8x4');
INSERT INTO pecas (pk_ID_peca, descricao_peca, material, peso, dimensao) VALUES (29, 'Pino', 'Latão', 289.4, '18x9x5');
INSERT INTO pecas (pk_ID_peca, descricao_peca, material, peso, dimensao) VALUES (30, 'Engrenagem', 'Aço', 690.96, '15x8x4');
INSERT INTO pecas (pk_ID_peca, descricao_peca, material, peso, dimensao) VALUES (31, 'Suporte', 'Latão', 706.36, '12x6x3');
INSERT INTO pecas (pk_ID_peca, descricao_peca, material, peso, dimensao) VALUES (32, 'Parafuso', 'Latão', 90.58, '12x6x3');
INSERT INTO pecas (pk_ID_peca, descricao_peca, material, peso, dimensao) VALUES (33, 'Porca', 'Borracha', 855.72, '20x10x6');
INSERT INTO pecas (pk_ID_peca, descricao_peca, material, peso, dimensao) VALUES (34, 'Mola', 'Aço', 904.89, '12x6x3');
INSERT INTO pecas (pk_ID_peca, descricao_peca, material, peso, dimensao) VALUES (35, 'Porca', 'Borracha', 247.94, '10x5x3');
INSERT INTO pecas (pk_ID_peca, descricao_peca, material, peso, dimensao) VALUES (36, 'Pino', 'Borracha', 756.48, '18x9x5');
INSERT INTO pecas (pk_ID_peca, descricao_peca, material, peso, dimensao) VALUES (37, 'Pino', 'Borracha', 318.98, '12x6x3');
INSERT INTO pecas (pk_ID_peca, descricao_peca, material, peso, dimensao) VALUES (38, 'Porca', 'Plástico', 946.74, '10x5x3');
INSERT INTO pecas (pk_ID_peca, descricao_peca, material, peso, dimensao) VALUES (39, 'Pistão', 'Latão', 634.26, '10x5x3');
INSERT INTO pecas (pk_ID_peca, descricao_peca, material, peso, dimensao) VALUES (40, 'Porca', 'Alumínio', 161.81, '20x10x6');
INSERT INTO pecas (pk_ID_peca, descricao_peca, material, peso, dimensao) VALUES (41, 'Pino', 'Plástico', 805.71, '10x5x3');
INSERT INTO pecas (pk_ID_peca, descricao_peca, material, peso, dimensao) VALUES (42, 'Parafuso', 'Latão', 919.15, '18x9x5');
INSERT INTO pecas (pk_ID_peca, descricao_peca, material, peso, dimensao) VALUES (43, 'Mola', 'Latão', 547.54, '15x8x4');
INSERT INTO pecas (pk_ID_peca, descricao_peca, material, peso, dimensao) VALUES (44, 'Pistão', 'Ferro', 205.17, '10x5x3');
INSERT INTO pecas (pk_ID_peca, descricao_peca, material, peso, dimensao) VALUES (45, 'Engrenagem', 'Latão', 781.19, '15x8x4');
INSERT INTO pecas (pk_ID_peca, descricao_peca, material, peso, dimensao) VALUES (46, 'Mola', 'Borracha', 989.66, '18x9x5');
INSERT INTO pecas (pk_ID_peca, descricao_peca, material, peso, dimensao) VALUES (47, 'Pino', 'Ferro', 703.79, '12x6x3');
INSERT INTO pecas (pk_ID_peca, descricao_peca, material, peso, dimensao) VALUES (48, 'Suporte', 'Plástico', 432.4, '10x5x3');
INSERT INTO pecas (pk_ID_peca, descricao_peca, material, peso, dimensao) VALUES (49, 'Engrenagem', 'Latão', 927.94, '20x10x6');
INSERT INTO pecas (pk_ID_peca, descricao_peca, material, peso, dimensao) VALUES (50, 'Pistão', 'Plástico', 114.11, '15x8x4');
INSERT INTO pecas (pk_ID_peca, descricao_peca, material, peso, dimensao) VALUES (51, 'Pistão', 'Latão', 374.25, '20x10x6');
INSERT INTO pecas (pk_ID_peca, descricao_peca, material, peso, dimensao) VALUES (52, 'Porca', 'Borracha', 808.25, '12x6x3');
INSERT INTO pecas (pk_ID_peca, descricao_peca, material, peso, dimensao) VALUES (53, 'Parafuso', 'Madeira', 537.9, '15x8x4');
INSERT INTO pecas (pk_ID_peca, descricao_peca, material, peso, dimensao) VALUES (54, 'Suporte', 'Alumínio', 956.04, '12x6x3');
INSERT INTO pecas (pk_ID_peca, descricao_peca, material, peso, dimensao) VALUES (55, 'Suporte', 'Alumínio', 585.52, '18x9x5');
INSERT INTO pecas (pk_ID_peca, descricao_peca, material, peso, dimensao) VALUES (56, 'Pistão', 'Madeira', 219.1, '10x5x3');
INSERT INTO pecas (pk_ID_peca, descricao_peca, material, peso, dimensao) VALUES (57, 'Pistão', 'Aço', 336.86, '18x9x5');
INSERT INTO pecas (pk_ID_peca, descricao_peca, material, peso, dimensao) VALUES (58, 'Pistão', 'Madeira', 741.67, '10x5x3');
INSERT INTO pecas (pk_ID_peca, descricao_peca, material, peso, dimensao) VALUES (59, 'Pino', 'Latão', 935.7, '18x9x5');
INSERT INTO pecas (pk_ID_peca, descricao_peca, material, peso, dimensao) VALUES (60, 'Pino', 'Ferro', 539.69, '15x8x4');
INSERT INTO pecas (pk_ID_peca, descricao_peca, material, peso, dimensao) VALUES (61, 'Parafuso', 'Borracha', 829.84, '20x10x6');
INSERT INTO pecas (pk_ID_peca, descricao_peca, material, peso, dimensao) VALUES (62, 'Porca', 'Alumínio', 218.51, '15x8x4');
INSERT INTO pecas (pk_ID_peca, descricao_peca, material, peso, dimensao) VALUES (63, 'Porca', 'Ferro', 263.46, '10x5x3');
INSERT INTO pecas (pk_ID_peca, descricao_peca, material, peso, dimensao) VALUES (64, 'Suporte', 'Ferro', 472.93, '15x8x4');
INSERT INTO pecas (pk_ID_peca, descricao_peca, material, peso, dimensao) VALUES (65, 'Mola', 'Alumínio', 625.99, '15x8x4');
INSERT INTO pecas (pk_ID_peca, descricao_peca, material, peso, dimensao) VALUES (66, 'Pistão', 'Alumínio', 24.82, '10x5x3');
INSERT INTO pecas (pk_ID_peca, descricao_peca, material, peso, dimensao) VALUES (67, 'Parafuso', 'Madeira', 399.8, '20x10x6');
INSERT INTO pecas (pk_ID_peca, descricao_peca, material, peso, dimensao) VALUES (68, 'Pino', 'Ferro', 927.19, '20x10x6');
INSERT INTO pecas (pk_ID_peca, descricao_peca, material, peso, dimensao) VALUES (69, 'Mola', 'Plástico', 389.32, '15x8x4');
INSERT INTO pecas (pk_ID_peca, descricao_peca, material, peso, dimensao) VALUES (70, 'Suporte', 'Alumínio', 138.3, '10x5x3');
INSERT INTO pecas (pk_ID_peca, descricao_peca, material, peso, dimensao) VALUES (71, 'Pistão', 'Latão', 38.52, '20x10x6');
INSERT INTO pecas (pk_ID_peca, descricao_peca, material, peso, dimensao) VALUES (72, 'Engrenagem', 'Borracha', 290.39, '18x9x5');
INSERT INTO pecas (pk_ID_peca, descricao_peca, material, peso, dimensao) VALUES (73, 'Parafuso', 'Aço', 17.73, '10x5x3');
INSERT INTO pecas (pk_ID_peca, descricao_peca, material, peso, dimensao) VALUES (74, 'Parafuso', 'Aço', 884.37, '20x10x6');
INSERT INTO pecas (pk_ID_peca, descricao_peca, material, peso, dimensao) VALUES (75, 'Pino', 'Alumínio', 469.99, '20x10x6');
INSERT INTO pecas (pk_ID_peca, descricao_peca, material, peso, dimensao) VALUES (76, 'Suporte', 'Aço', 26.44, '12x6x3');
INSERT INTO pecas (pk_ID_peca, descricao_peca, material, peso, dimensao) VALUES (77, 'Mola', 'Madeira', 278.43, '18x9x5');
INSERT INTO pecas (pk_ID_peca, descricao_peca, material, peso, dimensao) VALUES (78, 'Engrenagem', 'Ferro', 866.08, '12x6x3');
INSERT INTO pecas (pk_ID_peca, descricao_peca, material, peso, dimensao) VALUES (79, 'Pino', 'Madeira', 99.08, '20x10x6');
INSERT INTO pecas (pk_ID_peca, descricao_peca, material, peso, dimensao) VALUES (80, 'Engrenagem', 'Madeira', 87.17, '18x9x5');
INSERT INTO pecas (pk_ID_peca, descricao_peca, material, peso, dimensao) VALUES (81, 'Parafuso', 'Borracha', 262.06, '15x8x4');
INSERT INTO pecas (pk_ID_peca, descricao_peca, material, peso, dimensao) VALUES (82, 'Parafuso', 'Aço', 331.7, '10x5x3');
INSERT INTO pecas (pk_ID_peca, descricao_peca, material, peso, dimensao) VALUES (83, 'Suporte', 'Madeira', 261.24, '18x9x5');
INSERT INTO pecas (pk_ID_peca, descricao_peca, material, peso, dimensao) VALUES (84, 'Pistão', 'Madeira', 867.99, '18x9x5');
INSERT INTO pecas (pk_ID_peca, descricao_peca, material, peso, dimensao) VALUES (85, 'Engrenagem', 'Plástico', 86.37, '15x8x4');
INSERT INTO pecas (pk_ID_peca, descricao_peca, material, peso, dimensao) VALUES (86, 'Pistão', 'Aço', 246.62, '15x8x4');
INSERT INTO pecas (pk_ID_peca, descricao_peca, material, peso, dimensao) VALUES (87, 'Pino', 'Alumínio', 448.9, '12x6x3');
INSERT INTO pecas (pk_ID_peca, descricao_peca, material, peso, dimensao) VALUES (88, 'Suporte', 'Ferro', 145.71, '15x8x4');
INSERT INTO pecas (pk_ID_peca, descricao_peca, material, peso, dimensao) VALUES (89, 'Engrenagem', 'Aço', 706.8, '15x8x4');
INSERT INTO pecas (pk_ID_peca, descricao_peca, material, peso, dimensao) VALUES (90, 'Pino', 'Borracha', 27.87, '12x6x3');
INSERT INTO pecas (pk_ID_peca, descricao_peca, material, peso, dimensao) VALUES (91, 'Parafuso', 'Borracha', 272.06, '15x8x4');
INSERT INTO pecas (pk_ID_peca, descricao_peca, material, peso, dimensao) VALUES (92, 'Parafuso', 'Aço', 337.7, '10x5x3');
INSERT INTO pecas (pk_ID_peca, descricao_peca, material, peso, dimensao) VALUES (93, 'Suporte', 'Madeira', 461.24, '18x9x5');
INSERT INTO pecas (pk_ID_peca, descricao_peca, material, peso, dimensao) VALUES (94, 'Pistão', 'Madeira', 897.99, '18x9x5');
INSERT INTO pecas (pk_ID_peca, descricao_peca, material, peso, dimensao) VALUES (95, 'Engrenagem', 'Plástico', 886.37, '15x8x4');
INSERT INTO pecas (pk_ID_peca, descricao_peca, material, peso, dimensao) VALUES (96, 'Pistão', 'Aço', 249.62, '15x8x4');
INSERT INTO pecas (pk_ID_peca, descricao_peca, material, peso, dimensao) VALUES (97, 'Pino', 'Alumínio', 548.9, '12x6x3');
INSERT INTO pecas (pk_ID_peca, descricao_peca, material, peso, dimensao) VALUES (98, 'Suporte', 'Ferro', 175.71, '15x8x4');
INSERT INTO pecas (pk_ID_peca, descricao_peca, material, peso, dimensao) VALUES (99, 'Engrenagem', 'Aço', 306.8, '15x8x4');
INSERT INTO pecas (pk_ID_peca, descricao_peca, material, peso, dimensao) VALUES (100, 'Pino', 'Borracha', 207.87, '12x6x3');

SELECT * FROM pecas;

-- -----------------------------------------------------------------------------------------------------------------------------------

INSERT INTO maquinas (pk_ID_maquina, nome_maquina, descricao, capacidade_max, ultima_manutencao) VALUES (1, 'MegaCut Pro X9000', 'Aplicações industriais', 161, '2018-04-01');
INSERT INTO maquinas (pk_ID_maquina, nome_maquina, descricao, capacidade_max, ultima_manutencao) VALUES (2, 'PrecisionMach MasterCraft', 'Precisão e acabamento', 936, '2017-01-20');
INSERT INTO maquinas (pk_ID_maquina, nome_maquina, descricao, capacidade_max, ultima_manutencao) VALUES (3, 'TitaniumCrafter 3000', 'Aplicações industriais', 324, '2012-12-26');
INSERT INTO maquinas (pk_ID_maquina, nome_maquina, descricao, capacidade_max, ultima_manutencao) VALUES (4, 'UltraForge Elite Series', 'Projeto versátil', 295, '2014-02-17');
INSERT INTO maquinas (pk_ID_maquina, nome_maquina, descricao, capacidade_max, ultima_manutencao) VALUES (5, 'SwiftCutter 5000', 'Usinagem de ligas de titânio', 920, '2011-11-15');
INSERT INTO maquinas (pk_ID_maquina, nome_maquina, descricao, capacidade_max, ultima_manutencao) VALUES (6, 'AccuTurn Xpress', 'Precisão e acabamento', 290, '2013-04-16');
INSERT INTO maquinas (pk_ID_maquina, nome_maquina, descricao, capacidade_max, ultima_manutencao) VALUES (7, 'PowerMill Prime 700', 'Velocidade de corte', 529, '2023-01-07');
INSERT INTO maquinas (pk_ID_maquina, nome_maquina, descricao, capacidade_max, ultima_manutencao) VALUES (8, 'MegaCut Pro X9000', 'Precisão e acabamento', 884, '2014-05-30');
INSERT INTO maquinas (pk_ID_maquina, nome_maquina, descricao, capacidade_max, ultima_manutencao) VALUES (9, 'PrecisionMach MasterCraft', 'Máquina de corte', 396, '2019-05-31');
INSERT INTO maquinas (pk_ID_maquina, nome_maquina, descricao, capacidade_max, ultima_manutencao) VALUES (10, 'TitaniumCrafter 3000', 'Projeto versátil', 82, '2013-09-27');
INSERT INTO maquinas (pk_ID_maquina, nome_maquina, descricao, capacidade_max, ultima_manutencao) VALUES (11, 'UltraForge Elite Series', 'Velocidade de corte', 65, '2014-04-04');
INSERT INTO maquinas (pk_ID_maquina, nome_maquina, descricao, capacidade_max, ultima_manutencao) VALUES (12, 'SwiftCutter 5000', 'Precisão e acabamento', 762, '2018-10-20');
INSERT INTO maquinas (pk_ID_maquina, nome_maquina, descricao, capacidade_max, ultima_manutencao) VALUES (13, 'AccuTurn Xpress', 'Velocidade de corte', 68, '2023-05-26');
INSERT INTO maquinas (pk_ID_maquina, nome_maquina, descricao, capacidade_max, ultima_manutencao) VALUES (14, 'PowerMill Prime 700', 'Máquina de corte', 333, '2013-06-19');
INSERT INTO maquinas (pk_ID_maquina, nome_maquina, descricao, capacidade_max, ultima_manutencao) VALUES (15, 'MegaCut Pro X9000', 'Operações pesadas', 749, '2018-03-24');
INSERT INTO maquinas (pk_ID_maquina, nome_maquina, descricao, capacidade_max, ultima_manutencao) VALUES (16, 'PrecisionMach MasterCraft', 'Precisão e acabamento', 899, '2011-03-20');
INSERT INTO maquinas (pk_ID_maquina, nome_maquina, descricao, capacidade_max, ultima_manutencao) VALUES (17, 'TitaniumCrafter 3000', 'Projeto versátil', 928, '2020-10-14');
INSERT INTO maquinas (pk_ID_maquina, nome_maquina, descricao, capacidade_max, ultima_manutencao) VALUES (18, 'UltraForge Elite Series', 'Operações pesadas', 948, '2012-04-13');
INSERT INTO maquinas (pk_ID_maquina, nome_maquina, descricao, capacidade_max, ultima_manutencao) VALUES (19, 'SwiftCutter 5000', 'Máquina de corte', 288, '2012-03-29');
INSERT INTO maquinas (pk_ID_maquina, nome_maquina, descricao, capacidade_max, ultima_manutencao) VALUES (20, 'AccuTurn Xpress', 'Precisão e acabamento', 80, '2022-02-24');
INSERT INTO maquinas (pk_ID_maquina, nome_maquina, descricao, capacidade_max, ultima_manutencao) VALUES (21, 'PowerMill Prime 700', 'Máquina de corte', 107, '2019-10-05');
INSERT INTO maquinas (pk_ID_maquina, nome_maquina, descricao, capacidade_max, ultima_manutencao) VALUES (22, 'MegaCut Pro X9000', 'Usinagem de ligas de titânio', 715, '2010-02-22');
INSERT INTO maquinas (pk_ID_maquina, nome_maquina, descricao, capacidade_max, ultima_manutencao) VALUES (23, 'PrecisionMach MasterCraft', 'Aplicações industriais', 892, '2010-11-14');
INSERT INTO maquinas (pk_ID_maquina, nome_maquina, descricao, capacidade_max, ultima_manutencao) VALUES (24, 'TitaniumCrafter 3000', 'Velocidade de corte', 569, '2016-10-07');
INSERT INTO maquinas (pk_ID_maquina, nome_maquina, descricao, capacidade_max, ultima_manutencao) VALUES (25, 'UltraForge Elite Series', 'Máquina de corte', 789, '2017-10-26');
INSERT INTO maquinas (pk_ID_maquina, nome_maquina, descricao, capacidade_max, ultima_manutencao) VALUES (26, 'SwiftCutter 5000', 'Velocidade de corte', 235, '2022-01-03');
INSERT INTO maquinas (pk_ID_maquina, nome_maquina, descricao, capacidade_max, ultima_manutencao) VALUES (27, 'AccuTurn Xpress', 'Aplicações industriais', 421, '2022-06-07');
INSERT INTO maquinas (pk_ID_maquina, nome_maquina, descricao, capacidade_max, ultima_manutencao) VALUES (28, 'PowerMill Prime 700', 'Operações pesadas', 100, '2023-05-18');
INSERT INTO maquinas (pk_ID_maquina, nome_maquina, descricao, capacidade_max, ultima_manutencao) VALUES (29, 'MegaCut Pro X9000', 'Projeto versátil', 482, '2017-09-03');
INSERT INTO maquinas (pk_ID_maquina, nome_maquina, descricao, capacidade_max, ultima_manutencao) VALUES (30, 'PrecisionMach MasterCraft', 'Operações pesadas', 995, '2015-02-05');
INSERT INTO maquinas (pk_ID_maquina, nome_maquina, descricao, capacidade_max, ultima_manutencao) VALUES (31, 'TitaniumCrafter 3000', 'Operações pesadas', 21, '2022-05-12');
INSERT INTO maquinas (pk_ID_maquina, nome_maquina, descricao, capacidade_max, ultima_manutencao) VALUES (32, 'UltraForge Elite Series', 'Máquina de corte', 135, '2023-06-08');
INSERT INTO maquinas (pk_ID_maquina, nome_maquina, descricao, capacidade_max, ultima_manutencao) VALUES (33, 'SwiftCutter 5000', 'Precisão e acabamento', 946, '2014-05-05');
INSERT INTO maquinas (pk_ID_maquina, nome_maquina, descricao, capacidade_max, ultima_manutencao) VALUES (34, 'AccuTurn Xpress', 'Velocidade de corte', 526, '2015-11-24');
INSERT INTO maquinas (pk_ID_maquina, nome_maquina, descricao, capacidade_max, ultima_manutencao) VALUES (35, 'PowerMill Prime 700', 'Operações pesadas', 876, '2015-03-18');
INSERT INTO maquinas (pk_ID_maquina, nome_maquina, descricao, capacidade_max, ultima_manutencao) VALUES (36, 'MegaCut Pro X9000', 'Aplicações industriais', 74, '2012-07-11');
INSERT INTO maquinas (pk_ID_maquina, nome_maquina, descricao, capacidade_max, ultima_manutencao) VALUES (37, 'PrecisionMach MasterCraft', 'Operações pesadas', 849, '2014-08-23');
INSERT INTO maquinas (pk_ID_maquina, nome_maquina, descricao, capacidade_max, ultima_manutencao) VALUES (38, 'TitaniumCrafter 3000', 'Usinagem de ligas de titânio', 475, '2020-05-14');
INSERT INTO maquinas (pk_ID_maquina, nome_maquina, descricao, capacidade_max, ultima_manutencao) VALUES (39, 'UltraForge Elite Series', 'Velocidade de corte', 571, '2013-01-03');
INSERT INTO maquinas (pk_ID_maquina, nome_maquina, descricao, capacidade_max, ultima_manutencao) VALUES (40, 'SwiftCutter 5000', 'Aplicações industriais', 699, '2020-02-21');
INSERT INTO maquinas (pk_ID_maquina, nome_maquina, descricao, capacidade_max, ultima_manutencao) VALUES (41, 'AccuTurn Xpress', 'Máquina de corte', 549, '2013-05-16');
INSERT INTO maquinas (pk_ID_maquina, nome_maquina, descricao, capacidade_max, ultima_manutencao) VALUES (42, 'PowerMill Prime 700', 'Máquina de corte', 772, '2019-07-22');
INSERT INTO maquinas (pk_ID_maquina, nome_maquina, descricao, capacidade_max, ultima_manutencao) VALUES (43, 'MegaCut Pro X9000', 'Operações pesadas', 564, '2011-07-25');
INSERT INTO maquinas (pk_ID_maquina, nome_maquina, descricao, capacidade_max, ultima_manutencao) VALUES (44, 'PrecisionMach MasterCraft', 'Projeto versátil', 501, '2020-06-19');
INSERT INTO maquinas (pk_ID_maquina, nome_maquina, descricao, capacidade_max, ultima_manutencao) VALUES (45, 'TitaniumCrafter 3000', 'Projeto versátil', 631, '2019-11-05');
INSERT INTO maquinas (pk_ID_maquina, nome_maquina, descricao, capacidade_max, ultima_manutencao) VALUES (46, 'UltraForge Elite Series', 'Usinagem de ligas de titânio', 369, '2015-06-12');
INSERT INTO maquinas (pk_ID_maquina, nome_maquina, descricao, capacidade_max, ultima_manutencao) VALUES (47, 'SwiftCutter 5000', 'Precisão e acabamento', 280, '2014-12-27');
INSERT INTO maquinas (pk_ID_maquina, nome_maquina, descricao, capacidade_max, ultima_manutencao) VALUES (48, 'AccuTurn Xpress', 'Precisão e acabamento', 477, '2018-09-16');
INSERT INTO maquinas (pk_ID_maquina, nome_maquina, descricao, capacidade_max, ultima_manutencao) VALUES (49, 'PowerMill Prime 700', 'Precisão e acabamento', 814, '2013-03-07');
INSERT INTO maquinas (pk_ID_maquina, nome_maquina, descricao, capacidade_max, ultima_manutencao) VALUES (50, 'MegaCut Pro X9000', 'Projeto versátil', 681, '2010-11-14');
INSERT INTO maquinas (pk_ID_maquina, nome_maquina, descricao, capacidade_max, ultima_manutencao) VALUES (51, 'PrecisionMach MasterCraft', 'Usinagem de ligas de titânio', 262, '2014-05-21');
INSERT INTO maquinas (pk_ID_maquina, nome_maquina, descricao, capacidade_max, ultima_manutencao) VALUES (52, 'TitaniumCrafter 3000', 'Aplicações industriais', 482, '2010-07-27');
INSERT INTO maquinas (pk_ID_maquina, nome_maquina, descricao, capacidade_max, ultima_manutencao) VALUES (53, 'UltraForge Elite Series', 'Projeto versátil', 243, '2015-07-03');
INSERT INTO maquinas (pk_ID_maquina, nome_maquina, descricao, capacidade_max, ultima_manutencao) VALUES (54, 'SwiftCutter 5000', 'Usinagem de ligas de titânio', 281, '2019-07-21');
INSERT INTO maquinas (pk_ID_maquina, nome_maquina, descricao, capacidade_max, ultima_manutencao) VALUES (55, 'AccuTurn Xpress', 'Usinagem de ligas de titânio', 972, '2021-09-11');
INSERT INTO maquinas (pk_ID_maquina, nome_maquina, descricao, capacidade_max, ultima_manutencao) VALUES (56, 'PowerMill Prime 700', 'Usinagem de ligas de titânio', 606, '2021-08-14');
INSERT INTO maquinas (pk_ID_maquina, nome_maquina, descricao, capacidade_max, ultima_manutencao) VALUES (57, 'MegaCut Pro X9000', 'Usinagem de ligas de titânio', 530, '2023-05-28');
INSERT INTO maquinas (pk_ID_maquina, nome_maquina, descricao, capacidade_max, ultima_manutencao) VALUES (58, 'PrecisionMach MasterCraft', 'Velocidade de corte', 283, '2014-07-01');
INSERT INTO maquinas (pk_ID_maquina, nome_maquina, descricao, capacidade_max, ultima_manutencao) VALUES (59, 'TitaniumCrafter 3000', 'Projeto versátil', 77, '2023-02-10');
INSERT INTO maquinas (pk_ID_maquina, nome_maquina, descricao, capacidade_max, ultima_manutencao) VALUES (60, 'UltraForge Elite Series', 'Máquina de corte', 35, '2021-04-19');
INSERT INTO maquinas (pk_ID_maquina, nome_maquina, descricao, capacidade_max, ultima_manutencao) VALUES (61, 'SwiftCutter 5000', 'Usinagem de ligas de titânio', 610, '2010-05-28');
INSERT INTO maquinas (pk_ID_maquina, nome_maquina, descricao, capacidade_max, ultima_manutencao) VALUES (62, 'AccuTurn Xpress', 'Usinagem de ligas de titânio', 346, '2018-10-21');
INSERT INTO maquinas (pk_ID_maquina, nome_maquina, descricao, capacidade_max, ultima_manutencao) VALUES (63, 'PowerMill Prime 700', 'Usinagem de ligas de titânio', 564, '2018-10-11');
INSERT INTO maquinas (pk_ID_maquina, nome_maquina, descricao, capacidade_max, ultima_manutencao) VALUES (64, 'MegaCut Pro X9000', 'Usinagem de ligas de titânio', 484, '2022-07-04');
INSERT INTO maquinas (pk_ID_maquina, nome_maquina, descricao, capacidade_max, ultima_manutencao) VALUES (65, 'PrecisionMach MasterCraft', 'Máquina de corte', 154, '2021-06-20');
INSERT INTO maquinas (pk_ID_maquina, nome_maquina, descricao, capacidade_max, ultima_manutencao) VALUES (66, 'TitaniumCrafter 3000', 'Projeto versátil', 151, '2012-04-12');
INSERT INTO maquinas (pk_ID_maquina, nome_maquina, descricao, capacidade_max, ultima_manutencao) VALUES (67, 'UltraForge Elite Series', 'Projeto versátil', 592, '2019-03-12');
INSERT INTO maquinas (pk_ID_maquina, nome_maquina, descricao, capacidade_max, ultima_manutencao) VALUES (68, 'SwiftCutter 5000', 'Operações pesadas', 298, '2013-11-01');
INSERT INTO maquinas (pk_ID_maquina, nome_maquina, descricao, capacidade_max, ultima_manutencao) VALUES (69, 'AccuTurn Xpress', 'Usinagem de ligas de titânio', 41, '2015-12-12');
INSERT INTO maquinas (pk_ID_maquina, nome_maquina, descricao, capacidade_max, ultima_manutencao) VALUES (70, 'PowerMill Prime 700', 'Usinagem de ligas de titânio', 225, '2023-03-11');
INSERT INTO maquinas (pk_ID_maquina, nome_maquina, descricao, capacidade_max, ultima_manutencao) VALUES (71, 'MegaCut Pro X9000', 'Velocidade de corte', 251, '2019-05-22');
INSERT INTO maquinas (pk_ID_maquina, nome_maquina, descricao, capacidade_max, ultima_manutencao) VALUES (72, 'PrecisionMach MasterCraft', 'Precisão e acabamento', 543, '2016-03-04');
INSERT INTO maquinas (pk_ID_maquina, nome_maquina, descricao, capacidade_max, ultima_manutencao) VALUES (73, 'TitaniumCrafter 3000', 'Operações pesadas', 225, '2011-08-30');
INSERT INTO maquinas (pk_ID_maquina, nome_maquina, descricao, capacidade_max, ultima_manutencao) VALUES (74, 'UltraForge Elite Series', 'Máquina de corte', 829, '2016-12-28');
INSERT INTO maquinas (pk_ID_maquina, nome_maquina, descricao, capacidade_max, ultima_manutencao) VALUES (75, 'SwiftCutter 5000', 'Precisão e acabamento', 84, '2019-12-25');
INSERT INTO maquinas (pk_ID_maquina, nome_maquina, descricao, capacidade_max, ultima_manutencao) VALUES (76, 'AccuTurn Xpress', 'Máquina de corte', 997, '2010-05-06');
INSERT INTO maquinas (pk_ID_maquina, nome_maquina, descricao, capacidade_max, ultima_manutencao) VALUES (77, 'PowerMill Prime 700', 'Operações pesadas', 827, '2010-09-26');
INSERT INTO maquinas (pk_ID_maquina, nome_maquina, descricao, capacidade_max, ultima_manutencao) VALUES (78, 'MegaCut Pro X9000', 'Aplicações industriais', 904, '2022-01-21');
INSERT INTO maquinas (pk_ID_maquina, nome_maquina, descricao, capacidade_max, ultima_manutencao) VALUES (79, 'PrecisionMach MasterCraft', 'Aplicações industriais', 672, '2012-08-15');
INSERT INTO maquinas (pk_ID_maquina, nome_maquina, descricao, capacidade_max, ultima_manutencao) VALUES (80, 'TitaniumCrafter 3000', 'Precisão e acabamento', 529, '2014-04-22');
INSERT INTO maquinas (pk_ID_maquina, nome_maquina, descricao, capacidade_max, ultima_manutencao) VALUES (81, 'UltraForge Elite Series', 'Velocidade de corte', 629, '2019-03-20');
INSERT INTO maquinas (pk_ID_maquina, nome_maquina, descricao, capacidade_max, ultima_manutencao) VALUES (82, 'SwiftCutter 5000', 'Velocidade de corte', 965, '2018-07-17');
INSERT INTO maquinas (pk_ID_maquina, nome_maquina, descricao, capacidade_max, ultima_manutencao) VALUES (83, 'AccuTurn Xpress', 'Usinagem de ligas de titânio', 572, '2015-01-05');
INSERT INTO maquinas (pk_ID_maquina, nome_maquina, descricao, capacidade_max, ultima_manutencao) VALUES (84, 'PowerMill Prime 700', 'Precisão e acabamento', 283, '2011-07-23');
INSERT INTO maquinas (pk_ID_maquina, nome_maquina, descricao, capacidade_max, ultima_manutencao) VALUES (85, 'MegaCut Pro X9000', 'Máquina de corte', 714, '2016-02-26');
INSERT INTO maquinas (pk_ID_maquina, nome_maquina, descricao, capacidade_max, ultima_manutencao) VALUES (86, 'PrecisionMach MasterCraft', 'Operações pesadas', 353, '2017-08-09');
INSERT INTO maquinas (pk_ID_maquina, nome_maquina, descricao, capacidade_max, ultima_manutencao) VALUES (87, 'TitaniumCrafter 3000', 'Aplicações industriais', 16, '2021-10-26');
INSERT INTO maquinas (pk_ID_maquina, nome_maquina, descricao, capacidade_max, ultima_manutencao) VALUES (88, 'UltraForge Elite Series', 'Velocidade de corte', 512, '2011-12-13');
INSERT INTO maquinas (pk_ID_maquina, nome_maquina, descricao, capacidade_max, ultima_manutencao) VALUES (89, 'SwiftCutter 5000', 'Aplicações industriais', 758, '2019-03-15');
INSERT INTO maquinas (pk_ID_maquina, nome_maquina, descricao, capacidade_max, ultima_manutencao) VALUES (90, 'AccuTurn Xpress', 'Operações pesadas', 587, '2019-07-02');

SELECT * FROM maquinas;

-- -----------------------------------------------------------------------------------------------------------------------------------

INSERT INTO ordens_producao (pk_ID_Ordem, fk_ID_peca, qntd_a_ser_produzida, data_inicio, data_conclusao, status_da_ordem ) VALUES (1, 1, 789, '2010-11-27', '2021-04-09', 'Em Andamento');
INSERT INTO ordens_producao (pk_ID_Ordem, fk_ID_peca, qntd_a_ser_produzida, data_inicio, data_conclusao, status_da_ordem ) VALUES (2, 2, 241, '2017-07-30', '2020-10-19', 'Cancelada');
INSERT INTO ordens_producao (pk_ID_Ordem, fk_ID_peca, qntd_a_ser_produzida, data_inicio, data_conclusao, status_da_ordem ) VALUES (3, 3, 862, '2014-07-22', '2023-06-29', 'Concluida');
INSERT INTO ordens_producao (pk_ID_Ordem, fk_ID_peca, qntd_a_ser_produzida, data_inicio, data_conclusao, status_da_ordem ) VALUES (4, 4, 955, '2016-03-22', '2020-10-07', 'Cancelada');
INSERT INTO ordens_producao (pk_ID_Ordem, fk_ID_peca, qntd_a_ser_produzida, data_inicio, data_conclusao, status_da_ordem ) VALUES (5, 5, 469, '2017-12-15', '2023-06-22', 'Em Andamento');
INSERT INTO ordens_producao (pk_ID_Ordem, fk_ID_peca, qntd_a_ser_produzida, data_inicio, data_conclusao, status_da_ordem ) VALUES (6, 6, 721, '2016-09-19', '2021-08-02', 'Em Andamento');
INSERT INTO ordens_producao (pk_ID_Ordem, fk_ID_peca, qntd_a_ser_produzida, data_inicio, data_conclusao, status_da_ordem ) VALUES (7, 7, 660, '2011-05-16', '2021-09-07', 'Concluida');
INSERT INTO ordens_producao (pk_ID_Ordem, fk_ID_peca, qntd_a_ser_produzida, data_inicio, data_conclusao, status_da_ordem ) VALUES (8, 8, 800, '2011-01-28', '2022-02-12', 'Em Andamento');
INSERT INTO ordens_producao (pk_ID_Ordem, fk_ID_peca, qntd_a_ser_produzida, data_inicio, data_conclusao, status_da_ordem ) VALUES (9, 9, 859, '2016-10-30', '2023-05-23', 'Cancelada');
INSERT INTO ordens_producao (pk_ID_Ordem, fk_ID_peca, qntd_a_ser_produzida, data_inicio, data_conclusao, status_da_ordem ) VALUES (10, 10, 656, '2019-07-08', '2023-10-28', 'Concluida');
INSERT INTO ordens_producao (pk_ID_Ordem, fk_ID_peca, qntd_a_ser_produzida, data_inicio, data_conclusao, status_da_ordem ) VALUES (11, 11, 197, '2016-04-19', '2022-07-27', 'Em Andamento');
INSERT INTO ordens_producao (pk_ID_Ordem, fk_ID_peca, qntd_a_ser_produzida, data_inicio, data_conclusao, status_da_ordem ) VALUES (12, 12, 307, '2018-12-16', '2021-07-23', 'Concluida');
INSERT INTO ordens_producao (pk_ID_Ordem, fk_ID_peca, qntd_a_ser_produzida, data_inicio, data_conclusao, status_da_ordem ) VALUES (13, 13, 164, '2014-09-19', '2023-10-28', 'Cancelada');
INSERT INTO ordens_producao (pk_ID_Ordem, fk_ID_peca, qntd_a_ser_produzida, data_inicio, data_conclusao, status_da_ordem ) VALUES (14, 14, 329, '2015-04-15', '2021-12-23', 'Em Andamento');
INSERT INTO ordens_producao (pk_ID_Ordem, fk_ID_peca, qntd_a_ser_produzida, data_inicio, data_conclusao, status_da_ordem ) VALUES (15, 15, 618, '2019-04-15', '2022-11-02', 'Cancelada');
INSERT INTO ordens_producao (pk_ID_Ordem, fk_ID_peca, qntd_a_ser_produzida, data_inicio, data_conclusao, status_da_ordem ) VALUES (16, 16, 703, '2018-03-14', '2023-05-01', 'Em Andamento');
INSERT INTO ordens_producao (pk_ID_Ordem, fk_ID_peca, qntd_a_ser_produzida, data_inicio, data_conclusao, status_da_ordem ) VALUES (17, 17, 919, '2013-11-14', '2021-01-29', 'Em Andamento');
INSERT INTO ordens_producao (pk_ID_Ordem, fk_ID_peca, qntd_a_ser_produzida, data_inicio, data_conclusao, status_da_ordem ) VALUES (18, 18, 324, '2012-07-18', '2022-11-15', 'Em Andamento');
INSERT INTO ordens_producao (pk_ID_Ordem, fk_ID_peca, qntd_a_ser_produzida, data_inicio, data_conclusao, status_da_ordem ) VALUES (19, 19, 388, '2014-10-17', '2022-04-13', 'Concluida');
INSERT INTO ordens_producao (pk_ID_Ordem, fk_ID_peca, qntd_a_ser_produzida, data_inicio, data_conclusao, status_da_ordem ) VALUES (20, 20, 768, '2011-01-28', '2021-08-19', 'Cancelada');
INSERT INTO ordens_producao (pk_ID_Ordem, fk_ID_peca, qntd_a_ser_produzida, data_inicio, data_conclusao, status_da_ordem ) VALUES (21, 21, 403, '2013-01-19', '2021-08-26', 'Concluida');
INSERT INTO ordens_producao (pk_ID_Ordem, fk_ID_peca, qntd_a_ser_produzida, data_inicio, data_conclusao, status_da_ordem ) VALUES (22, 22, 572, '2017-10-02', '2023-08-19', 'Em Andamento');
INSERT INTO ordens_producao (pk_ID_Ordem, fk_ID_peca, qntd_a_ser_produzida, data_inicio, data_conclusao, status_da_ordem ) VALUES (23, 23, 148, '2012-05-28', '2023-05-27', 'Cancelada');
INSERT INTO ordens_producao (pk_ID_Ordem, fk_ID_peca, qntd_a_ser_produzida, data_inicio, data_conclusao, status_da_ordem ) VALUES (24, 24, 739, '2017-08-10', '2023-03-20', 'Cancelada');
INSERT INTO ordens_producao (pk_ID_Ordem, fk_ID_peca, qntd_a_ser_produzida, data_inicio, data_conclusao, status_da_ordem ) VALUES (25, 25, 104, '2016-07-05', '2022-08-17', 'Concluida');
INSERT INTO ordens_producao (pk_ID_Ordem, fk_ID_peca, qntd_a_ser_produzida, data_inicio, data_conclusao, status_da_ordem ) VALUES (26, 26, 308, '2011-12-03', '2021-12-07', 'Concluida');
INSERT INTO ordens_producao (pk_ID_Ordem, fk_ID_peca, qntd_a_ser_produzida, data_inicio, data_conclusao, status_da_ordem ) VALUES (27, 27, 955, '2012-12-11', '2020-12-09', 'Cancelada');
INSERT INTO ordens_producao (pk_ID_Ordem, fk_ID_peca, qntd_a_ser_produzida, data_inicio, data_conclusao, status_da_ordem ) VALUES (28, 28, 883, '2019-10-07', '2022-01-15', 'Cancelada');
INSERT INTO ordens_producao (pk_ID_Ordem, fk_ID_peca, qntd_a_ser_produzida, data_inicio, data_conclusao, status_da_ordem ) VALUES (29, 29, 554, '2018-10-09', '2023-09-19', 'Em Andamento');
INSERT INTO ordens_producao (pk_ID_Ordem, fk_ID_peca, qntd_a_ser_produzida, data_inicio, data_conclusao, status_da_ordem ) VALUES (30, 30, 789, '2015-12-17', '2022-02-23', 'Concluida');
INSERT INTO ordens_producao (pk_ID_Ordem, fk_ID_peca, qntd_a_ser_produzida, data_inicio, data_conclusao, status_da_ordem ) VALUES (31, 31, 919, '2011-04-07', '2021-12-01', 'Concluida');
INSERT INTO ordens_producao (pk_ID_Ordem, fk_ID_peca, qntd_a_ser_produzida, data_inicio, data_conclusao, status_da_ordem ) VALUES (32, 32, 992, '2015-08-05', '2021-09-10', 'Cancelada');
INSERT INTO ordens_producao (pk_ID_Ordem, fk_ID_peca, qntd_a_ser_produzida, data_inicio, data_conclusao, status_da_ordem ) VALUES (33, 33, 194, '2014-06-11', '2022-05-06', 'Concluida');
INSERT INTO ordens_producao (pk_ID_Ordem, fk_ID_peca, qntd_a_ser_produzida, data_inicio, data_conclusao, status_da_ordem ) VALUES (34, 34, 309, '2014-07-04', '2022-05-21', 'Em Andamento');
INSERT INTO ordens_producao (pk_ID_Ordem, fk_ID_peca, qntd_a_ser_produzida, data_inicio, data_conclusao, status_da_ordem ) VALUES (35, 35, 732, '2018-08-17', '2023-07-06', 'Cancelada');
INSERT INTO ordens_producao (pk_ID_Ordem, fk_ID_peca, qntd_a_ser_produzida, data_inicio, data_conclusao, status_da_ordem ) VALUES (36, 36, 546, '2013-09-24', '2023-10-27', 'Concluida');
INSERT INTO ordens_producao (pk_ID_Ordem, fk_ID_peca, qntd_a_ser_produzida, data_inicio, data_conclusao, status_da_ordem ) VALUES (37, 37, 611, '2011-11-17', '2021-01-25', 'Em Andamento');
INSERT INTO ordens_producao (pk_ID_Ordem, fk_ID_peca, qntd_a_ser_produzida, data_inicio, data_conclusao, status_da_ordem ) VALUES (38, 38, 358, '2018-04-08', '2021-05-14', 'Cancelada');
INSERT INTO ordens_producao (pk_ID_Ordem, fk_ID_peca, qntd_a_ser_produzida, data_inicio, data_conclusao, status_da_ordem ) VALUES (39, 39, 454, '2017-05-10', '2022-09-27', 'Em Andamento');
INSERT INTO ordens_producao (pk_ID_Ordem, fk_ID_peca, qntd_a_ser_produzida, data_inicio, data_conclusao, status_da_ordem ) VALUES (40, 40, 549, '2017-03-20', '2022-01-25', 'Concluida');
INSERT INTO ordens_producao (pk_ID_Ordem, fk_ID_peca, qntd_a_ser_produzida, data_inicio, data_conclusao, status_da_ordem ) VALUES (41, 41, 24, '2014-02-18', '2023-04-27', 'Em Andamento');
INSERT INTO ordens_producao (pk_ID_Ordem, fk_ID_peca, qntd_a_ser_produzida, data_inicio, data_conclusao, status_da_ordem ) VALUES (42, 42, 633, '2011-01-11', '2021-08-16', 'Concluida');
INSERT INTO ordens_producao (pk_ID_Ordem, fk_ID_peca, qntd_a_ser_produzida, data_inicio, data_conclusao, status_da_ordem ) VALUES (43, 43, 174, '2011-05-30', '2023-05-07', 'Em Andamento');
INSERT INTO ordens_producao (pk_ID_Ordem, fk_ID_peca, qntd_a_ser_produzida, data_inicio, data_conclusao, status_da_ordem ) VALUES (44, 44, 702, '2019-11-06', '2023-02-22', 'Cancelada');
INSERT INTO ordens_producao (pk_ID_Ordem, fk_ID_peca, qntd_a_ser_produzida, data_inicio, data_conclusao, status_da_ordem ) VALUES (45, 45, 190, '2013-05-18', '2021-09-10', 'Concluida');
INSERT INTO ordens_producao (pk_ID_Ordem, fk_ID_peca, qntd_a_ser_produzida, data_inicio, data_conclusao, status_da_ordem ) VALUES (46, 46, 433, '2014-12-20', '2022-04-05', 'Cancelada');
INSERT INTO ordens_producao (pk_ID_Ordem, fk_ID_peca, qntd_a_ser_produzida, data_inicio, data_conclusao, status_da_ordem ) VALUES (47, 47, 721, '2011-06-08', '2021-05-04', 'Em Andamento');
INSERT INTO ordens_producao (pk_ID_Ordem, fk_ID_peca, qntd_a_ser_produzida, data_inicio, data_conclusao, status_da_ordem ) VALUES (48, 48, 891, '2017-05-09', '2020-09-27', 'Cancelada');
INSERT INTO ordens_producao (pk_ID_Ordem, fk_ID_peca, qntd_a_ser_produzida, data_inicio, data_conclusao, status_da_ordem ) VALUES (49, 49, 804, '2019-06-09', '2022-03-21', 'Cancelada');
INSERT INTO ordens_producao (pk_ID_Ordem, fk_ID_peca, qntd_a_ser_produzida, data_inicio, data_conclusao, status_da_ordem ) VALUES (50, 50, 329, '2014-04-14', '2021-10-01', 'Cancelada');
INSERT INTO ordens_producao (pk_ID_Ordem, fk_ID_peca, qntd_a_ser_produzida, data_inicio, data_conclusao, status_da_ordem ) VALUES (51, 51, 32, '2011-12-24', '2022-04-26', 'Em Andamento');
INSERT INTO ordens_producao (pk_ID_Ordem, fk_ID_peca, qntd_a_ser_produzida, data_inicio, data_conclusao, status_da_ordem ) VALUES (52, 52, 881, '2010-03-16', '2021-10-18', 'Em Andamento');
INSERT INTO ordens_producao (pk_ID_Ordem, fk_ID_peca, qntd_a_ser_produzida, data_inicio, data_conclusao, status_da_ordem ) VALUES (53, 53, 840, '2018-10-25', '2022-03-06', 'Concluida');
INSERT INTO ordens_producao (pk_ID_Ordem, fk_ID_peca, qntd_a_ser_produzida, data_inicio, data_conclusao, status_da_ordem ) VALUES (54, 54, 806, '2010-07-13', '2023-05-06', 'Em Andamento');
INSERT INTO ordens_producao (pk_ID_Ordem, fk_ID_peca, qntd_a_ser_produzida, data_inicio, data_conclusao, status_da_ordem ) VALUES (55, 55, 505, '2017-11-04', '2023-01-09', 'Em Andamento');
INSERT INTO ordens_producao (pk_ID_Ordem, fk_ID_peca, qntd_a_ser_produzida, data_inicio, data_conclusao, status_da_ordem ) VALUES (56, 56, 735, '2017-02-02', '2023-08-24', 'Concluida');
INSERT INTO ordens_producao (pk_ID_Ordem, fk_ID_peca, qntd_a_ser_produzida, data_inicio, data_conclusao, status_da_ordem ) VALUES (57, 57, 341, '2016-01-06', '2021-11-03', 'Em Andamento');
INSERT INTO ordens_producao (pk_ID_Ordem, fk_ID_peca, qntd_a_ser_produzida, data_inicio, data_conclusao, status_da_ordem ) VALUES (58, 58, 155, '2015-05-09', '2022-01-07', 'Em Andamento');
INSERT INTO ordens_producao (pk_ID_Ordem, fk_ID_peca, qntd_a_ser_produzida, data_inicio, data_conclusao, status_da_ordem ) VALUES (59, 59, 914, '2014-02-27', '2021-02-07', 'Cancelada');
INSERT INTO ordens_producao (pk_ID_Ordem, fk_ID_peca, qntd_a_ser_produzida, data_inicio, data_conclusao, status_da_ordem ) VALUES (60, 60, 272, '2010-06-15', '2022-04-17', 'Concluida');
INSERT INTO ordens_producao (pk_ID_Ordem, fk_ID_peca, qntd_a_ser_produzida, data_inicio, data_conclusao, status_da_ordem ) VALUES (61, 61, 633, '2012-07-12', '2022-06-23', 'Concluida');
INSERT INTO ordens_producao (pk_ID_Ordem, fk_ID_peca, qntd_a_ser_produzida, data_inicio, data_conclusao, status_da_ordem ) VALUES (62, 62, 365, '2018-06-02', '2021-04-17', 'Concluida');
INSERT INTO ordens_producao (pk_ID_Ordem, fk_ID_peca, qntd_a_ser_produzida, data_inicio, data_conclusao, status_da_ordem ) VALUES (63, 63, 825, '2017-09-23', '2021-12-21', 'Em Andamento');
INSERT INTO ordens_producao (pk_ID_Ordem, fk_ID_peca, qntd_a_ser_produzida, data_inicio, data_conclusao, status_da_ordem ) VALUES (64, 64, 304, '2019-02-13', '2021-02-04', 'Cancelada');
INSERT INTO ordens_producao (pk_ID_Ordem, fk_ID_peca, qntd_a_ser_produzida, data_inicio, data_conclusao, status_da_ordem ) VALUES (65, 65, 387, '2017-08-26', '2023-09-10', 'Concluida');
INSERT INTO ordens_producao (pk_ID_Ordem, fk_ID_peca, qntd_a_ser_produzida, data_inicio, data_conclusao, status_da_ordem ) VALUES (66, 66, 894, '2017-07-14', '2023-05-11', 'Concluida');
INSERT INTO ordens_producao (pk_ID_Ordem, fk_ID_peca, qntd_a_ser_produzida, data_inicio, data_conclusao, status_da_ordem ) VALUES (67, 67, 814, '2012-09-20', '2021-01-07', 'Em Andamento');
INSERT INTO ordens_producao (pk_ID_Ordem, fk_ID_peca, qntd_a_ser_produzida, data_inicio, data_conclusao, status_da_ordem ) VALUES (68, 68, 397, '2013-01-13', '2021-12-18', 'Em Andamento');
INSERT INTO ordens_producao (pk_ID_Ordem, fk_ID_peca, qntd_a_ser_produzida, data_inicio, data_conclusao, status_da_ordem ) VALUES (69, 69, 662, '2019-03-15', '2022-12-11', 'Em Andamento');
INSERT INTO ordens_producao (pk_ID_Ordem, fk_ID_peca, qntd_a_ser_produzida, data_inicio, data_conclusao, status_da_ordem ) VALUES (70, 70, 951, '2020-06-16', '2023-04-27', 'Cancelada');
INSERT INTO ordens_producao (pk_ID_Ordem, fk_ID_peca, qntd_a_ser_produzida, data_inicio, data_conclusao, status_da_ordem ) VALUES (71, 71, 98, '2010-12-22', '2022-05-14', 'Em Andamento');
INSERT INTO ordens_producao (pk_ID_Ordem, fk_ID_peca, qntd_a_ser_produzida, data_inicio, data_conclusao, status_da_ordem ) VALUES (72, 72, 330, '2014-04-22', '2022-05-14', 'Concluida');
INSERT INTO ordens_producao (pk_ID_Ordem, fk_ID_peca, qntd_a_ser_produzida, data_inicio, data_conclusao, status_da_ordem ) VALUES (73, 73, 52, '2020-04-16', '2021-10-09', 'Cancelada');
INSERT INTO ordens_producao (pk_ID_Ordem, fk_ID_peca, qntd_a_ser_produzida, data_inicio, data_conclusao, status_da_ordem ) VALUES (74, 74, 402, '2017-04-28', '2021-06-03', 'Concluida');
INSERT INTO ordens_producao (pk_ID_Ordem, fk_ID_peca, qntd_a_ser_produzida, data_inicio, data_conclusao, status_da_ordem ) VALUES (75, 75, 675, '2018-11-08', '2021-04-12', 'Em Andamento');
INSERT INTO ordens_producao (pk_ID_Ordem, fk_ID_peca, qntd_a_ser_produzida, data_inicio, data_conclusao, status_da_ordem ) VALUES (76, 76, 130, '2012-08-18', '2023-08-17', 'Concluida');
INSERT INTO ordens_producao (pk_ID_Ordem, fk_ID_peca, qntd_a_ser_produzida, data_inicio, data_conclusao, status_da_ordem ) VALUES (77, 77, 823, '2017-04-03', '2023-07-17', 'Concluida');
INSERT INTO ordens_producao (pk_ID_Ordem, fk_ID_peca, qntd_a_ser_produzida, data_inicio, data_conclusao, status_da_ordem ) VALUES (78, 78, 693, '2012-07-04', '2022-10-28', 'Cancelada');
INSERT INTO ordens_producao (pk_ID_Ordem, fk_ID_peca, qntd_a_ser_produzida, data_inicio, data_conclusao, status_da_ordem ) VALUES (79, 79, 753, '2017-11-13', '2020-10-10', 'Concluida');
INSERT INTO ordens_producao (pk_ID_Ordem, fk_ID_peca, qntd_a_ser_produzida, data_inicio, data_conclusao, status_da_ordem ) VALUES (80, 80, 46, '2012-05-19', '2020-09-18', 'Concluida');
INSERT INTO ordens_producao (pk_ID_Ordem, fk_ID_peca, qntd_a_ser_produzida, data_inicio, data_conclusao, status_da_ordem ) VALUES (81, 81, 342, '2012-09-13', '2020-09-30', 'Cancelada');
INSERT INTO ordens_producao (pk_ID_Ordem, fk_ID_peca, qntd_a_ser_produzida, data_inicio, data_conclusao, status_da_ordem ) VALUES (82, 82, 825, '2013-12-02', '2021-10-21', 'Em Andamento');
INSERT INTO ordens_producao (pk_ID_Ordem, fk_ID_peca, qntd_a_ser_produzida, data_inicio, data_conclusao, status_da_ordem ) VALUES (83, 83, 641, '2015-12-10', '2023-03-23', 'Cancelada');
INSERT INTO ordens_producao (pk_ID_Ordem, fk_ID_peca, qntd_a_ser_produzida, data_inicio, data_conclusao, status_da_ordem ) VALUES (84, 84, 800, '2012-11-14', '2023-09-01', 'Em Andamento');
INSERT INTO ordens_producao (pk_ID_Ordem, fk_ID_peca, qntd_a_ser_produzida, data_inicio, data_conclusao, status_da_ordem ) VALUES (85, 85, 54, '2016-08-26', '2021-06-02', 'Cancelada');
INSERT INTO ordens_producao (pk_ID_Ordem, fk_ID_peca, qntd_a_ser_produzida, data_inicio, data_conclusao, status_da_ordem ) VALUES (86, 86, 700, '2020-03-03', '2023-02-13', 'Em Andamento');
INSERT INTO ordens_producao (pk_ID_Ordem, fk_ID_peca, qntd_a_ser_produzida, data_inicio, data_conclusao, status_da_ordem ) VALUES (87, 87, 32, '2018-01-27', '2023-02-11', 'Concluida');
INSERT INTO ordens_producao (pk_ID_Ordem, fk_ID_peca, qntd_a_ser_produzida, data_inicio, data_conclusao, status_da_ordem ) VALUES (88, 88, 180, '2017-06-18', '2021-07-11', 'Em Andamento');
INSERT INTO ordens_producao (pk_ID_Ordem, fk_ID_peca, qntd_a_ser_produzida, data_inicio, data_conclusao, status_da_ordem ) VALUES (89, 89, 611, '2017-03-03', '2021-08-25', 'Cancelada');
INSERT INTO ordens_producao (pk_ID_Ordem, fk_ID_peca, qntd_a_ser_produzida, data_inicio, data_conclusao, status_da_ordem ) VALUES (90, 90, 330, '2019-07-03', '2020-09-25', 'Em Andamento');

SELECT * FROM ordens_producao;

-- -----------------------------------------------------------------------------------------------------------------------------------

INSERT INTO operadores (pk_ID_operador, nome_operador, especializacao, disponibilidade, historico_producao) VALUES (1, 'Ana', 'Soldagem de Precisão', 'Disponível', 2018);
INSERT INTO operadores (pk_ID_operador, nome_operador, especializacao, disponibilidade, historico_producao) VALUES (2, 'Carlos', 'Torneamento de Precisão', 'Indisponível', 2019);
INSERT INTO operadores (pk_ID_operador, nome_operador, especializacao, disponibilidade, historico_producao) VALUES (3, 'Mariana', 'Prototipagem Rápida', 'Disponível', 2020);
INSERT INTO operadores (pk_ID_operador, nome_operador, especializacao, disponibilidade, historico_producao) VALUES (4, 'Pedro', 'Usinagem a Laser', 'Indisponível', 2021);
INSERT INTO operadores (pk_ID_operador, nome_operador, especializacao, disponibilidade, historico_producao) VALUES (5, 'Lucas', 'Inspeção Metrológica', 'Disponível', 2022);
INSERT INTO operadores (pk_ID_operador, nome_operador, especializacao, disponibilidade, historico_producao) VALUES (6, 'Ana', 'Tecnologia 5 eixos', 'Indisponível', 2018);
INSERT INTO operadores (pk_ID_operador, nome_operador, especializacao, disponibilidade, historico_producao) VALUES (7, 'Carlos', 'Manutenção de Máquinas Ferramenta', 'Disponível', 2019);
INSERT INTO operadores (pk_ID_operador, nome_operador, especializacao, disponibilidade, historico_producao) VALUES (8, 'Mariana', 'Soldagem de Precisão', 'Indisponível', 2020);
INSERT INTO operadores (pk_ID_operador, nome_operador, especializacao, disponibilidade, historico_producao) VALUES (9, 'Pedro', 'Torneamento de Precisão', 'Disponível', 2021);
INSERT INTO operadores (pk_ID_operador, nome_operador, especializacao, disponibilidade, historico_producao) VALUES (10, 'Lucas', 'Prototipagem Rápida', 'Indisponível', 2022);
INSERT INTO operadores (pk_ID_operador, nome_operador, especializacao, disponibilidade, historico_producao) VALUES (11, 'Ana', 'Usinagem a Laser', 'Disponível', 2018);
INSERT INTO operadores (pk_ID_operador, nome_operador, especializacao, disponibilidade, historico_producao) VALUES (12, 'Carlos', 'Inspeção Metrológica', 'Indisponível', 2019);
INSERT INTO operadores (pk_ID_operador, nome_operador, especializacao, disponibilidade, historico_producao) VALUES (13, 'Mariana', 'Tecnologia 5 eixos', 'Disponível', 2020);
INSERT INTO operadores (pk_ID_operador, nome_operador, especializacao, disponibilidade, historico_producao) VALUES (14, 'Pedro', 'Manutenção de Máquinas Ferramenta', 'Indisponível', 2021);
INSERT INTO operadores (pk_ID_operador, nome_operador, especializacao, disponibilidade, historico_producao) VALUES (15, 'Lucas', 'Soldagem de Precisão', 'Disponível', 2022);
INSERT INTO operadores (pk_ID_operador, nome_operador, especializacao, disponibilidade, historico_producao) VALUES (16, 'Ana', 'Torneamento de Precisão', 'Indisponível', 2018);
INSERT INTO operadores (pk_ID_operador, nome_operador, especializacao, disponibilidade, historico_producao) VALUES (17, 'Carlos', 'Prototipagem Rápida', 'Disponível', 2019);
INSERT INTO operadores (pk_ID_operador, nome_operador, especializacao, disponibilidade, historico_producao) VALUES (18, 'Mariana', 'Usinagem a Laser', 'Indisponível', 2020);
INSERT INTO operadores (pk_ID_operador, nome_operador, especializacao, disponibilidade, historico_producao) VALUES (19, 'Pedro', 'Inspeção Metrológica', 'Disponível', 2021);
INSERT INTO operadores (pk_ID_operador, nome_operador, especializacao, disponibilidade, historico_producao) VALUES (20, 'Lucas', 'Tecnologia 5 eixos', 'Indisponível', 2022);
INSERT INTO operadores (pk_ID_operador, nome_operador, especializacao, disponibilidade, historico_producao) VALUES (21, 'Ana', 'Manutenção de Máquinas Ferramenta', 'Disponível', 2018);
INSERT INTO operadores (pk_ID_operador, nome_operador, especializacao, disponibilidade, historico_producao) VALUES (22, 'Carlos', 'Soldagem de Precisão', 'Indisponível', 2019);
INSERT INTO operadores (pk_ID_operador, nome_operador, especializacao, disponibilidade, historico_producao) VALUES (23, 'Mariana', 'Torneamento de Precisão', 'Disponível', 2020);
INSERT INTO operadores (pk_ID_operador, nome_operador, especializacao, disponibilidade, historico_producao) VALUES (24, 'Pedro', 'Prototipagem Rápida', 'Indisponível', 2021);
INSERT INTO operadores (pk_ID_operador, nome_operador, especializacao, disponibilidade, historico_producao) VALUES (25, 'Lucas', 'Usinagem a Laser', 'Disponível', 2022);
INSERT INTO operadores (pk_ID_operador, nome_operador, especializacao, disponibilidade, historico_producao) VALUES (26, 'Ana', 'Inspeção Metrológica', 'Indisponível', 2018);
INSERT INTO operadores (pk_ID_operador, nome_operador, especializacao, disponibilidade, historico_producao) VALUES (27, 'Carlos', 'Tecnologia 5 eixos', 'Disponível', 2019);
INSERT INTO operadores (pk_ID_operador, nome_operador, especializacao, disponibilidade, historico_producao) VALUES (28, 'Mariana', 'Manutenção de Máquinas Ferramenta', 'Indisponível', 2020);
INSERT INTO operadores (pk_ID_operador, nome_operador, especializacao, disponibilidade, historico_producao) VALUES (29, 'Pedro', 'Soldagem de Precisão', 'Disponível', 2021);
INSERT INTO operadores (pk_ID_operador, nome_operador, especializacao, disponibilidade, historico_producao) VALUES (30, 'Lucas', 'Torneamento de Precisão', 'Indisponível', 2022);
INSERT INTO operadores (pk_ID_operador, nome_operador, especializacao, disponibilidade, historico_producao) VALUES (31, 'Ana', 'Prototipagem Rápida', 'Disponível', 2018);
INSERT INTO operadores (pk_ID_operador, nome_operador, especializacao, disponibilidade, historico_producao) VALUES (32, 'Carlos', 'Usinagem a Laser', 'Indisponível', 2019);
INSERT INTO operadores (pk_ID_operador, nome_operador, especializacao, disponibilidade, historico_producao) VALUES (33, 'Mariana', 'Inspeção Metrológica', 'Disponível', 2020);
INSERT INTO operadores (pk_ID_operador, nome_operador, especializacao, disponibilidade, historico_producao) VALUES (34, 'Pedro', 'Tecnologia 5 eixos', 'Indisponível', 2021);
INSERT INTO operadores (pk_ID_operador, nome_operador, especializacao, disponibilidade, historico_producao) VALUES (35, 'Lucas', 'Manutenção de Máquinas Ferramenta', 'Disponível', 2022);
INSERT INTO operadores (pk_ID_operador, nome_operador, especializacao, disponibilidade, historico_producao) VALUES (36, 'Ana', 'Soldagem de Precisão', 'Indisponível', 2018);
INSERT INTO operadores (pk_ID_operador, nome_operador, especializacao, disponibilidade, historico_producao) VALUES (37, 'Carlos', 'Torneamento de Precisão', 'Disponível', 2019);
INSERT INTO operadores (pk_ID_operador, nome_operador, especializacao, disponibilidade, historico_producao) VALUES (38, 'Mariana', 'Prototipagem Rápida', 'Indisponível', 2020);
INSERT INTO operadores (pk_ID_operador, nome_operador, especializacao, disponibilidade, historico_producao) VALUES (39, 'Pedro', 'Usinagem a Laser', 'Disponível', 2021);
INSERT INTO operadores (pk_ID_operador, nome_operador, especializacao, disponibilidade, historico_producao) VALUES (40, 'Lucas', 'Inspeção Metrológica', 'Indisponível', 2022);
INSERT INTO operadores (pk_ID_operador, nome_operador, especializacao, disponibilidade, historico_producao) VALUES (41, 'Ana', 'Tecnologia 5 eixos', 'Disponível', 2018);
INSERT INTO operadores (pk_ID_operador, nome_operador, especializacao, disponibilidade, historico_producao) VALUES (42, 'Carlos', 'Manutenção de Máquinas Ferramenta', 'Indisponível', 2019);
INSERT INTO operadores (pk_ID_operador, nome_operador, especializacao, disponibilidade, historico_producao) VALUES (43, 'Mariana', 'Soldagem de Precisão', 'Disponível', 2020);
INSERT INTO operadores (pk_ID_operador, nome_operador, especializacao, disponibilidade, historico_producao) VALUES (44, 'Pedro', 'Torneamento de Precisão', 'Indisponível', 2021);
INSERT INTO operadores (pk_ID_operador, nome_operador, especializacao, disponibilidade, historico_producao) VALUES (45, 'Lucas', 'Prototipagem Rápida', 'Disponível', 2022);
INSERT INTO operadores (pk_ID_operador, nome_operador, especializacao, disponibilidade, historico_producao) VALUES (46, 'Ana', 'Usinagem a Laser', 'Indisponível', 2018);
INSERT INTO operadores (pk_ID_operador, nome_operador, especializacao, disponibilidade, historico_producao) VALUES (47, 'Carlos', 'Inspeção Metrológica', 'Disponível', 2019);
INSERT INTO operadores (pk_ID_operador, nome_operador, especializacao, disponibilidade, historico_producao) VALUES (48, 'Mariana', 'Tecnologia 5 eixos', 'Indisponível', 2020);
INSERT INTO operadores (pk_ID_operador, nome_operador, especializacao, disponibilidade, historico_producao) VALUES (49, 'Pedro', 'Manutenção de Máquinas Ferramenta', 'Disponível', 2021);
INSERT INTO operadores (pk_ID_operador, nome_operador, especializacao, disponibilidade, historico_producao) VALUES (50, 'Lucas', 'Soldagem de Precisão', 'Indisponível', 2022);
INSERT INTO operadores (pk_ID_operador, nome_operador, especializacao, disponibilidade, historico_producao) VALUES (51, 'Ana', 'Torneamento de Precisão', 'Disponível', 2018);
INSERT INTO operadores (pk_ID_operador, nome_operador, especializacao, disponibilidade, historico_producao) VALUES (52, 'Carlos', 'Prototipagem Rápida', 'Indisponível', 2019);
INSERT INTO operadores (pk_ID_operador, nome_operador, especializacao, disponibilidade, historico_producao) VALUES (53, 'Mariana', 'Usinagem a Laser', 'Disponível', 2020);
INSERT INTO operadores (pk_ID_operador, nome_operador, especializacao, disponibilidade, historico_producao) VALUES (54, 'Pedro', 'Inspeção Metrológica', 'Indisponível', 2021);
INSERT INTO operadores (pk_ID_operador, nome_operador, especializacao, disponibilidade, historico_producao) VALUES (55, 'Lucas', 'Tecnologia 5 eixos', 'Disponível', 2022);
INSERT INTO operadores (pk_ID_operador, nome_operador, especializacao, disponibilidade, historico_producao) VALUES (56, 'Ana', 'Manutenção de Máquinas Ferramenta', 'Indisponível', 2018);
INSERT INTO operadores (pk_ID_operador, nome_operador, especializacao, disponibilidade, historico_producao) VALUES (57, 'Carlos', 'Soldagem de Precisão', 'Disponível', 2019);
INSERT INTO operadores (pk_ID_operador, nome_operador, especializacao, disponibilidade, historico_producao) VALUES (58, 'Mariana', 'Torneamento de Precisão', 'Indisponível', 2020);
INSERT INTO operadores (pk_ID_operador, nome_operador, especializacao, disponibilidade, historico_producao) VALUES (59, 'Pedro', 'Prototipagem Rápida', 'Disponível', 2021);
INSERT INTO operadores (pk_ID_operador, nome_operador, especializacao, disponibilidade, historico_producao) VALUES (60, 'Lucas', 'Usinagem a Laser', 'Indisponível', 2022);
INSERT INTO operadores (pk_ID_operador, nome_operador, especializacao, disponibilidade, historico_producao) VALUES (61, 'Ana', 'Inspeção Metrológica', 'Disponível', 2018);
INSERT INTO operadores (pk_ID_operador, nome_operador, especializacao, disponibilidade, historico_producao) VALUES (62, 'Carlos', 'Tecnologia 5 eixos', 'Indisponível', 2019);
INSERT INTO operadores (pk_ID_operador, nome_operador, especializacao, disponibilidade, historico_producao) VALUES (63, 'Mariana', 'Manutenção de Máquinas Ferramenta', 'Disponível', 2020);
INSERT INTO operadores (pk_ID_operador, nome_operador, especializacao, disponibilidade, historico_producao) VALUES (64, 'Pedro', 'Soldagem de Precisão', 'Indisponível', 2021);
INSERT INTO operadores (pk_ID_operador, nome_operador, especializacao, disponibilidade, historico_producao) VALUES (65, 'Lucas', 'Torneamento de Precisão', 'Disponível', 2022);
INSERT INTO operadores (pk_ID_operador, nome_operador, especializacao, disponibilidade, historico_producao) VALUES (66, 'Ana', 'Prototipagem Rápida', 'Indisponível', 2018);
INSERT INTO operadores (pk_ID_operador, nome_operador, especializacao, disponibilidade, historico_producao) VALUES (67, 'Carlos', 'Usinagem a Laser', 'Disponível', 2019);
INSERT INTO operadores (pk_ID_operador, nome_operador, especializacao, disponibilidade, historico_producao) VALUES (68, 'Mariana', 'Inspeção Metrológica', 'Indisponível', 2020);
INSERT INTO operadores (pk_ID_operador, nome_operador, especializacao, disponibilidade, historico_producao) VALUES (69, 'Pedro', 'Tecnologia 5 eixos', 'Disponível', 2021);
INSERT INTO operadores (pk_ID_operador, nome_operador, especializacao, disponibilidade, historico_producao) VALUES (70, 'Lucas', 'Manutenção de Máquinas Ferramenta', 'Indisponível', 2022);
INSERT INTO operadores (pk_ID_operador, nome_operador, especializacao, disponibilidade, historico_producao) VALUES (71, 'Ana', 'Soldagem de Precisão', 'Disponível', 2018);
INSERT INTO operadores (pk_ID_operador, nome_operador, especializacao, disponibilidade, historico_producao) VALUES (72, 'Carlos', 'Torneamento de Precisão', 'Indisponível', 2019);
INSERT INTO operadores (pk_ID_operador, nome_operador, especializacao, disponibilidade, historico_producao) VALUES (73, 'Mariana', 'Prototipagem Rápida', 'Disponível', 2020);
INSERT INTO operadores (pk_ID_operador, nome_operador, especializacao, disponibilidade, historico_producao) VALUES (74, 'Pedro', 'Usinagem a Laser', 'Indisponível', 2021);
INSERT INTO operadores (pk_ID_operador, nome_operador, especializacao, disponibilidade, historico_producao) VALUES (75, 'Lucas', 'Inspeção Metrológica', 'Disponível', 2022);
INSERT INTO operadores (pk_ID_operador, nome_operador, especializacao, disponibilidade, historico_producao) VALUES (76, 'Ana', 'Tecnologia 5 eixos', 'Indisponível', 2018);
INSERT INTO operadores (pk_ID_operador, nome_operador, especializacao, disponibilidade, historico_producao) VALUES (77, 'Carlos', 'Manutenção de Máquinas Ferramenta', 'Disponível', 2019);
INSERT INTO operadores (pk_ID_operador, nome_operador, especializacao, disponibilidade, historico_producao) VALUES (78, 'Mariana', 'Soldagem de Precisão', 'Indisponível', 2020);
INSERT INTO operadores (pk_ID_operador, nome_operador, especializacao, disponibilidade, historico_producao) VALUES (79, 'Pedro', 'Torneamento de Precisão', 'Disponível', 2021);
INSERT INTO operadores (pk_ID_operador, nome_operador, especializacao, disponibilidade, historico_producao) VALUES (80, 'Lucas', 'Prototipagem Rápida', 'Indisponível', 2022);
INSERT INTO operadores (pk_ID_operador, nome_operador, especializacao, disponibilidade, historico_producao) VALUES (81, 'Ana', 'Usinagem a Laser', 'Disponível', 2018);
INSERT INTO operadores (pk_ID_operador, nome_operador, especializacao, disponibilidade, historico_producao) VALUES (82, 'Carlos', 'Inspeção Metrológica', 'Indisponível', 2019);
INSERT INTO operadores (pk_ID_operador, nome_operador, especializacao, disponibilidade, historico_producao) VALUES (83, 'Mariana', 'Tecnologia 5 eixos', 'Disponível', 2020);
INSERT INTO operadores (pk_ID_operador, nome_operador, especializacao, disponibilidade, historico_producao) VALUES (84, 'Pedro', 'Manutenção de Máquinas Ferramenta', 'Indisponível', 2021);
INSERT INTO operadores (pk_ID_operador, nome_operador, especializacao, disponibilidade, historico_producao) VALUES (85, 'Lucas', 'Soldagem de Precisão', 'Disponível', 2022);
INSERT INTO operadores (pk_ID_operador, nome_operador, especializacao, disponibilidade, historico_producao) VALUES (86, 'Ana', 'Torneamento de Precisão', 'Indisponível', 2018);
INSERT INTO operadores (pk_ID_operador, nome_operador, especializacao, disponibilidade, historico_producao) VALUES (87, 'Carlos', 'Prototipagem Rápida', 'Disponível', 2019);
INSERT INTO operadores (pk_ID_operador, nome_operador, especializacao, disponibilidade, historico_producao) VALUES (88, 'Mariana', 'Usinagem a Laser', 'Indisponível', 2020);
INSERT INTO operadores (pk_ID_operador, nome_operador, especializacao, disponibilidade, historico_producao) VALUES (89, 'Pedro', 'Inspeção Metrológica', 'Disponível', 2021);
INSERT INTO operadores (pk_ID_operador, nome_operador, especializacao, disponibilidade, historico_producao) VALUES (90, 'Lucas', 'Tecnologia 5 eixos', 'Indisponível', 2022);

SELECT * FROM operadores;

-- -----------------------------------------------------------------------------------------------------------------------------------

-- MANUTENÇÃO DE EQUIPAMENTOS

INSERT INTO equipamentos (pk_ID_equipamento, nome_equipamento, descricao, data_aquisicao, vida_util_restante) VALUES (1, 'Torno CNC de Precisão', 'Máquina controlada numericamente que realiza operações de torneamento em materiais', '2015-02-17', 9);
INSERT INTO equipamentos (pk_ID_equipamento, nome_equipamento, descricao, data_aquisicao, vida_util_restante) VALUES (2, 'Fresadora Vertical de Alta Velocidade', 'Máquina que realiza operações de fresamento', '2017-09-11', 10);
INSERT INTO equipamentos (pk_ID_equipamento, nome_equipamento, descricao, data_aquisicao, vida_util_restante) VALUES (3, 'Centro de Usinagem Horizontal', 'Máquina versátil que realiza diversas operações de usinagem', '2013-02-06', 10);
INSERT INTO equipamentos (pk_ID_equipamento, nome_equipamento, descricao, data_aquisicao, vida_util_restante) VALUES (4, 'Retífica Cilíndrica Universal', 'Utilizada para retificar peças cilíndricas com alta precisão', '2011-05-24', 10);
INSERT INTO equipamentos (pk_ID_equipamento, nome_equipamento, descricao, data_aquisicao, vida_util_restante) VALUES (5, 'Máquina de Eletroerosão a Fio', 'Utiliza descargas elétricas para cortar materiais condutores', '2013-06-22', 10);
INSERT INTO equipamentos (pk_ID_equipamento, nome_equipamento, descricao, data_aquisicao, vida_util_restante) VALUES (6, 'Serra de Fita Automática', 'Máquina utilizada para cortar materiais em formato de fita', '2017-03-31', 10);
INSERT INTO equipamentos (pk_ID_equipamento, nome_equipamento, descricao, data_aquisicao, vida_util_restante) VALUES (7, 'Máquina de Solda a Laser', 'Utiliza feixes de laser para unir materiais', '2016-06-05', 8);
INSERT INTO equipamentos (pk_ID_equipamento, nome_equipamento, descricao, data_aquisicao, vida_util_restante) VALUES (8, 'Torno CNC de Precisão', 'Máquina controlada numericamente que realiza operações de torneamento em materiais', '2018-07-03', 8);
INSERT INTO equipamentos (pk_ID_equipamento, nome_equipamento, descricao, data_aquisicao, vida_util_restante) VALUES (9, 'Fresadora Vertical de Alta Velocidade', 'Máquina que realiza operações de fresamento', '2017-04-29', 5);
INSERT INTO equipamentos (pk_ID_equipamento, nome_equipamento, descricao, data_aquisicao, vida_util_restante) VALUES (10, 'Centro de Usinagem Horizontal', 'Máquina versátil que realiza diversas operações de usinagem', '2016-07-26', 10);
INSERT INTO equipamentos (pk_ID_equipamento, nome_equipamento, descricao, data_aquisicao, vida_util_restante) VALUES (11, 'Retífica Cilíndrica Universal', 'Utilizada para retificar peças cilíndricas com alta precisão', '2018-10-10', 10);
INSERT INTO equipamentos (pk_ID_equipamento, nome_equipamento, descricao, data_aquisicao, vida_util_restante) VALUES (12, 'Máquina de Eletroerosão a Fio', 'Utiliza descargas elétricas para cortar materiais condutores', '2018-05-30', 7);
INSERT INTO equipamentos (pk_ID_equipamento, nome_equipamento, descricao, data_aquisicao, vida_util_restante) VALUES (13, 'Serra de Fita Automática', 'Máquina utilizada para cortar materiais em formato de fita', '2014-12-11', 8);
INSERT INTO equipamentos (pk_ID_equipamento, nome_equipamento, descricao, data_aquisicao, vida_util_restante) VALUES (14, 'Máquina de Solda a Laser', 'Utiliza feixes de laser para unir materiais', '2020-10-29', 5);
INSERT INTO equipamentos (pk_ID_equipamento, nome_equipamento, descricao, data_aquisicao, vida_util_restante) VALUES (15, 'Torno CNC de Precisão', 'Máquina controlada numericamente que realiza operações de torneamento em materiais', '2011-06-08', 5);
INSERT INTO equipamentos (pk_ID_equipamento, nome_equipamento, descricao, data_aquisicao, vida_util_restante) VALUES (16, 'Fresadora Vertical de Alta Velocidade', 'Máquina que realiza operações de fresamento', '2014-11-29', 7);
INSERT INTO equipamentos (pk_ID_equipamento, nome_equipamento, descricao, data_aquisicao, vida_util_restante) VALUES (17, 'Centro de Usinagem Horizontal', 'Máquina versátil que realiza diversas operações de usinagem', '2018-10-29', 6);
INSERT INTO equipamentos (pk_ID_equipamento, nome_equipamento, descricao, data_aquisicao, vida_util_restante) VALUES (18, 'Retífica Cilíndrica Universal', 'Utilizada para retificar peças cilíndricas com alta precisão', '2018-08-21', 9);
INSERT INTO equipamentos (pk_ID_equipamento, nome_equipamento, descricao, data_aquisicao, vida_util_restante) VALUES (19, 'Máquina de Eletroerosão a Fio', 'Utiliza descargas elétricas para cortar materiais condutores', '2019-07-06', 7);
INSERT INTO equipamentos (pk_ID_equipamento, nome_equipamento, descricao, data_aquisicao, vida_util_restante) VALUES (20, 'Serra de Fita Automática', 'Máquina utilizada para cortar materiais em formato de fita', '2015-06-12', 10);
INSERT INTO equipamentos (pk_ID_equipamento, nome_equipamento, descricao, data_aquisicao, vida_util_restante) VALUES (21, 'Máquina de Solda a Laser', 'Utiliza feixes de laser para unir materiais', '2017-04-28', 7);
INSERT INTO equipamentos (pk_ID_equipamento, nome_equipamento, descricao, data_aquisicao, vida_util_restante) VALUES (22, 'Torno CNC de Precisão', 'Máquina controlada numericamente que realiza operações de torneamento em materiais', '2017-09-19', 10);
INSERT INTO equipamentos (pk_ID_equipamento, nome_equipamento, descricao, data_aquisicao, vida_util_restante) VALUES (23, 'Fresadora Vertical de Alta Velocidade', 'Máquina que realiza operações de fresamento', '2017-07-21', 9);
INSERT INTO equipamentos (pk_ID_equipamento, nome_equipamento, descricao, data_aquisicao, vida_util_restante) VALUES (24, 'Centro de Usinagem Horizontal', 'Máquina versátil que realiza diversas operações de usinagem', '2020-05-31', 5);
INSERT INTO equipamentos (pk_ID_equipamento, nome_equipamento, descricao, data_aquisicao, vida_util_restante) VALUES (25, 'Retífica Cilíndrica Universal', 'Utilizada para retificar peças cilíndricas com alta precisão', '2015-09-27', 6);
INSERT INTO equipamentos (pk_ID_equipamento, nome_equipamento, descricao, data_aquisicao, vida_util_restante) VALUES (26, 'Máquina de Eletroerosão a Fio', 'Utiliza descargas elétricas para cortar materiais condutores', '2016-09-10', 6);
INSERT INTO equipamentos (pk_ID_equipamento, nome_equipamento, descricao, data_aquisicao, vida_util_restante) VALUES (27, 'Serra de Fita Automática', 'Máquina utilizada para cortar materiais em formato de fita', '2019-07-01', 9);
INSERT INTO equipamentos (pk_ID_equipamento, nome_equipamento, descricao, data_aquisicao, vida_util_restante) VALUES (28, 'Máquina de Solda a Laser', 'Utiliza feixes de laser para unir materiais', '2015-08-16', 6);
INSERT INTO equipamentos (pk_ID_equipamento, nome_equipamento, descricao, data_aquisicao, vida_util_restante) VALUES (29, 'Torno CNC de Precisão', 'Máquina controlada numericamente que realiza operações de torneamento em materiais', '2011-01-23', 5);
INSERT INTO equipamentos (pk_ID_equipamento, nome_equipamento, descricao, data_aquisicao, vida_util_restante) VALUES (30, 'Fresadora Vertical de Alta Velocidade', 'Máquina que realiza operações de fresamento', '2014-07-22', 6);
INSERT INTO equipamentos (pk_ID_equipamento, nome_equipamento, descricao, data_aquisicao, vida_util_restante) VALUES (31, 'Centro de Usinagem Horizontal', 'Máquina versátil que realiza diversas operações de usinagem', '2018-07-09', 5);
INSERT INTO equipamentos (pk_ID_equipamento, nome_equipamento, descricao, data_aquisicao, vida_util_restante) VALUES (32, 'Retífica Cilíndrica Universal', 'Utilizada para retificar peças cilíndricas com alta precisão', '2015-09-27', 8);
INSERT INTO equipamentos (pk_ID_equipamento, nome_equipamento, descricao, data_aquisicao, vida_util_restante) VALUES (33, 'Máquina de Eletroerosão a Fio', 'Utiliza descargas elétricas para cortar materiais condutores', '2014-11-08', 7);
INSERT INTO equipamentos (pk_ID_equipamento, nome_equipamento, descricao, data_aquisicao, vida_util_restante) VALUES (34, 'Serra de Fita Automática', 'Máquina utilizada para cortar materiais em formato de fita', '2018-09-12', 8);
INSERT INTO equipamentos (pk_ID_equipamento, nome_equipamento, descricao, data_aquisicao, vida_util_restante) VALUES (35, 'Máquina de Solda a Laser', 'Utiliza feixes de laser para unir materiais', '2013-08-26', 7);
INSERT INTO equipamentos (pk_ID_equipamento, nome_equipamento, descricao, data_aquisicao, vida_util_restante) VALUES (36, 'Torno CNC de Precisão', 'Máquina controlada numericamente que realiza operações de torneamento em materiais', '2020-04-06', 5);
INSERT INTO equipamentos (pk_ID_equipamento, nome_equipamento, descricao, data_aquisicao, vida_util_restante) VALUES (37, 'Fresadora Vertical de Alta Velocidade', 'Máquina que realiza operações de fresamento', '2010-12-15', 5);
INSERT INTO equipamentos (pk_ID_equipamento, nome_equipamento, descricao, data_aquisicao, vida_util_restante) VALUES (38, 'Centro de Usinagem Horizontal', 'Máquina versátil que realiza diversas operações de usinagem', '2017-09-10', 10);
INSERT INTO equipamentos (pk_ID_equipamento, nome_equipamento, descricao, data_aquisicao, vida_util_restante) VALUES (39, 'Retífica Cilíndrica Universal', 'Utilizada para retificar peças cilíndricas com alta precisão', '2020-06-16', 5);
INSERT INTO equipamentos (pk_ID_equipamento, nome_equipamento, descricao, data_aquisicao, vida_util_restante) VALUES (40, 'Máquina de Eletroerosão a Fio', 'Utiliza descargas elétricas para cortar materiais condutores', '2020-08-02', 5);
INSERT INTO equipamentos (pk_ID_equipamento, nome_equipamento, descricao, data_aquisicao, vida_util_restante) VALUES (41, 'Serra de Fita Automática', 'Máquina utilizada para cortar materiais em formato de fita', '2017-04-20', 6);
INSERT INTO equipamentos (pk_ID_equipamento, nome_equipamento, descricao, data_aquisicao, vida_util_restante) VALUES (42, 'Máquina de Solda a Laser', 'Utiliza feixes de laser para unir materiais', '2018-10-29', 5);
INSERT INTO equipamentos (pk_ID_equipamento, nome_equipamento, descricao, data_aquisicao, vida_util_restante) VALUES (43, 'Torno CNC de Precisão', 'Máquina controlada numericamente que realiza operações de torneamento em materiais', '2018-02-09', 6);
INSERT INTO equipamentos (pk_ID_equipamento, nome_equipamento, descricao, data_aquisicao, vida_util_restante) VALUES (44, 'Fresadora Vertical de Alta Velocidade', 'Máquina que realiza operações de fresamento', '2017-02-17', 7);
INSERT INTO equipamentos (pk_ID_equipamento, nome_equipamento, descricao, data_aquisicao, vida_util_restante) VALUES (45, 'Centro de Usinagem Horizontal', 'Máquina versátil que realiza diversas operações de usinagem', '2014-12-23', 6);
INSERT INTO equipamentos (pk_ID_equipamento, nome_equipamento, descricao, data_aquisicao, vida_util_restante) VALUES (46, 'Retífica Cilíndrica Universal', 'Utilizada para retificar peças cilíndricas com alta precisão', '2011-10-15', 7);
INSERT INTO equipamentos (pk_ID_equipamento, nome_equipamento, descricao, data_aquisicao, vida_util_restante) VALUES (47, 'Máquina de Eletroerosão a Fio', 'Utiliza descargas elétricas para cortar materiais condutores', '2011-08-12', 8);
INSERT INTO equipamentos (pk_ID_equipamento, nome_equipamento, descricao, data_aquisicao, vida_util_restante) VALUES (48, 'Serra de Fita Automática', 'Máquina utilizada para cortar materiais em formato de fita', '2010-12-27', 9);
INSERT INTO equipamentos (pk_ID_equipamento, nome_equipamento, descricao, data_aquisicao, vida_util_restante) VALUES (49, 'Máquina de Solda a Laser', 'Utiliza feixes de laser para unir materiais', '2011-12-27', 6);
INSERT INTO equipamentos (pk_ID_equipamento, nome_equipamento, descricao, data_aquisicao, vida_util_restante) VALUES (50, 'Torno CNC de Precisão', 'Máquina controlada numericamente que realiza operações de torneamento em materiais', '2015-03-13', 8);
INSERT INTO equipamentos (pk_ID_equipamento, nome_equipamento, descricao, data_aquisicao, vida_util_restante) VALUES (51, 'Fresadora Vertical de Alta Velocidade', 'Máquina que realiza operações de fresamento', '2018-05-07', 6);
INSERT INTO equipamentos (pk_ID_equipamento, nome_equipamento, descricao, data_aquisicao, vida_util_restante) VALUES (52, 'Centro de Usinagem Horizontal', 'Máquina versátil que realiza diversas operações de usinagem', '2016-03-02', 5);
INSERT INTO equipamentos (pk_ID_equipamento, nome_equipamento, descricao, data_aquisicao, vida_util_restante) VALUES (53, 'Retífica Cilíndrica Universal', 'Utilizada para retificar peças cilíndricas com alta precisão', '2011-07-11', 5);
INSERT INTO equipamentos (pk_ID_equipamento, nome_equipamento, descricao, data_aquisicao, vida_util_restante) VALUES (54, 'Máquina de Eletroerosão a Fio', 'Utiliza descargas elétricas para cortar materiais condutores', '2012-10-20', 8);
INSERT INTO equipamentos (pk_ID_equipamento, nome_equipamento, descricao, data_aquisicao, vida_util_restante) VALUES (55, 'Serra de Fita Automática', 'Máquina utilizada para cortar materiais em formato de fita', '2018-07-22', 5);
INSERT INTO equipamentos (pk_ID_equipamento, nome_equipamento, descricao, data_aquisicao, vida_util_restante) VALUES (56, 'Máquina de Solda a Laser', 'Utiliza feixes de laser para unir materiais', '2012-03-06', 8);
INSERT INTO equipamentos (pk_ID_equipamento, nome_equipamento, descricao, data_aquisicao, vida_util_restante) VALUES (57, 'Torno CNC de Precisão', 'Máquina controlada numericamente que realiza operações de torneamento em materiais', '2017-11-17', 7);
INSERT INTO equipamentos (pk_ID_equipamento, nome_equipamento, descricao, data_aquisicao, vida_util_restante) VALUES (58, 'Fresadora Vertical de Alta Velocidade', 'Máquina que realiza operações de fresamento', '2017-02-10', 8);
INSERT INTO equipamentos (pk_ID_equipamento, nome_equipamento, descricao, data_aquisicao, vida_util_restante) VALUES (59, 'Centro de Usinagem Horizontal', 'Máquina versátil que realiza diversas operações de usinagem', '2017-07-05', 9);
INSERT INTO equipamentos (pk_ID_equipamento, nome_equipamento, descricao, data_aquisicao, vida_util_restante) VALUES (60, 'Retífica Cilíndrica Universal', 'Utilizada para retificar peças cilíndricas com alta precisão', '2015-11-10', 10);
INSERT INTO equipamentos (pk_ID_equipamento, nome_equipamento, descricao, data_aquisicao, vida_util_restante) VALUES (61, 'Máquina de Eletroerosão a Fio', 'Utiliza descargas elétricas para cortar materiais condutores', '2014-07-31', 8);
INSERT INTO equipamentos (pk_ID_equipamento, nome_equipamento, descricao, data_aquisicao, vida_util_restante) VALUES (62, 'Serra de Fita Automática', 'Máquina utilizada para cortar materiais em formato de fita', '2012-02-20', 10);
INSERT INTO equipamentos (pk_ID_equipamento, nome_equipamento, descricao, data_aquisicao, vida_util_restante) VALUES (63, 'Máquina de Solda a Laser', 'Utiliza feixes de laser para unir materiais', '2012-01-19', 6);
INSERT INTO equipamentos (pk_ID_equipamento, nome_equipamento, descricao, data_aquisicao, vida_util_restante) VALUES (64, 'Torno CNC de Precisão', 'Máquina controlada numericamente que realiza operações de torneamento em materiais', '2019-11-07', 9);
INSERT INTO equipamentos (pk_ID_equipamento, nome_equipamento, descricao, data_aquisicao, vida_util_restante) VALUES (65, 'Fresadora Vertical de Alta Velocidade', 'Máquina que realiza operações de fresamento', '2020-08-13', 6);
INSERT INTO equipamentos (pk_ID_equipamento, nome_equipamento, descricao, data_aquisicao, vida_util_restante) VALUES (66, 'Centro de Usinagem Horizontal', 'Máquina versátil que realiza diversas operações de usinagem', '2019-01-21', 9);
INSERT INTO equipamentos (pk_ID_equipamento, nome_equipamento, descricao, data_aquisicao, vida_util_restante) VALUES (67, 'Retífica Cilíndrica Universal', 'Utilizada para retificar peças cilíndricas com alta precisão', '2013-01-23', 6);
INSERT INTO equipamentos (pk_ID_equipamento, nome_equipamento, descricao, data_aquisicao, vida_util_restante) VALUES (68, 'Máquina de Eletroerosão a Fio', 'Utiliza descargas elétricas para cortar materiais condutores', '2020-09-03', 10);
INSERT INTO equipamentos (pk_ID_equipamento, nome_equipamento, descricao, data_aquisicao, vida_util_restante) VALUES (69, 'Serra de Fita Automática', 'Máquina utilizada para cortar materiais em formato de fita', '2016-11-26', 8);
INSERT INTO equipamentos (pk_ID_equipamento, nome_equipamento, descricao, data_aquisicao, vida_util_restante) VALUES (70, 'Máquina de Solda a Laser', 'Utiliza feixes de laser para unir materiais', '2016-08-09', 6);
INSERT INTO equipamentos (pk_ID_equipamento, nome_equipamento, descricao, data_aquisicao, vida_util_restante) VALUES (71, 'Torno CNC de Precisão', 'Máquina controlada numericamente que realiza operações de torneamento em materiais', '2014-01-05', 5);
INSERT INTO equipamentos (pk_ID_equipamento, nome_equipamento, descricao, data_aquisicao, vida_util_restante) VALUES (72, 'Fresadora Vertical de Alta Velocidade', 'Máquina que realiza operações de fresamento', '2016-10-15', 5);
INSERT INTO equipamentos (pk_ID_equipamento, nome_equipamento, descricao, data_aquisicao, vida_util_restante) VALUES (73, 'Centro de Usinagem Horizontal', 'Máquina versátil que realiza diversas operações de usinagem', '2011-04-27', 9);
INSERT INTO equipamentos (pk_ID_equipamento, nome_equipamento, descricao, data_aquisicao, vida_util_restante) VALUES (74, 'Retífica Cilíndrica Universal', 'Utilizada para retificar peças cilíndricas com alta precisão', '2020-01-02', 10);
INSERT INTO equipamentos (pk_ID_equipamento, nome_equipamento, descricao, data_aquisicao, vida_util_restante) VALUES (75, 'Máquina de Eletroerosão a Fio', 'Utiliza descargas elétricas para cortar materiais condutores', '2011-10-31', 5);
INSERT INTO equipamentos (pk_ID_equipamento, nome_equipamento, descricao, data_aquisicao, vida_util_restante) VALUES (76, 'Serra de Fita Automática', 'Máquina utilizada para cortar materiais em formato de fita', '2015-12-18', 6);
INSERT INTO equipamentos (pk_ID_equipamento, nome_equipamento, descricao, data_aquisicao, vida_util_restante) VALUES (77, 'Máquina de Solda a Laser', 'Utiliza feixes de laser para unir materiais', '2014-02-19', 5);
INSERT INTO equipamentos (pk_ID_equipamento, nome_equipamento, descricao, data_aquisicao, vida_util_restante) VALUES (78, 'Torno CNC de Precisão', 'Máquina controlada numericamente que realiza operações de torneamento em materiais', '2017-02-21', 9);
INSERT INTO equipamentos (pk_ID_equipamento, nome_equipamento, descricao, data_aquisicao, vida_util_restante) VALUES (79, 'Fresadora Vertical de Alta Velocidade', 'Máquina que realiza operações de fresamento', '2017-11-20', 10);
INSERT INTO equipamentos (pk_ID_equipamento, nome_equipamento, descricao, data_aquisicao, vida_util_restante) VALUES (80, 'Centro de Usinagem Horizontal', 'Máquina versátil que realiza diversas operações de usinagem', '2020-09-25', 9);
INSERT INTO equipamentos (pk_ID_equipamento, nome_equipamento, descricao, data_aquisicao, vida_util_restante) VALUES (81, 'Retífica Cilíndrica Universal', 'Utilizada para retificar peças cilíndricas com alta precisão', '2012-08-13', 6);
INSERT INTO equipamentos (pk_ID_equipamento, nome_equipamento, descricao, data_aquisicao, vida_util_restante) VALUES (82, 'Máquina de Eletroerosão a Fio', 'Utiliza descargas elétricas para cortar materiais condutores', '2012-10-21', 10);
INSERT INTO equipamentos (pk_ID_equipamento, nome_equipamento, descricao, data_aquisicao, vida_util_restante) VALUES (83, 'Serra de Fita Automática', 'Máquina utilizada para cortar materiais em formato de fita', '2020-10-04', 9);
INSERT INTO equipamentos (pk_ID_equipamento, nome_equipamento, descricao, data_aquisicao, vida_util_restante) VALUES (84, 'Máquina de Solda a Laser', 'Utiliza feixes de laser para unir materiais', '2012-12-03', 7);
INSERT INTO equipamentos (pk_ID_equipamento, nome_equipamento, descricao, data_aquisicao, vida_util_restante) VALUES (85, 'Torno CNC de Precisão', 'Máquina controlada numericamente que realiza operações de torneamento em materiais', '2019-08-03', 6);
INSERT INTO equipamentos (pk_ID_equipamento, nome_equipamento, descricao, data_aquisicao, vida_util_restante) VALUES (86, 'Fresadora Vertical de Alta Velocidade', 'Máquina que realiza operações de fresamento', '2012-09-27', 6);
INSERT INTO equipamentos (pk_ID_equipamento, nome_equipamento, descricao, data_aquisicao, vida_util_restante) VALUES (87, 'Centro de Usinagem Horizontal', 'Máquina versátil que realiza diversas operações de usinagem', '2018-07-14', 10);
INSERT INTO equipamentos (pk_ID_equipamento, nome_equipamento, descricao, data_aquisicao, vida_util_restante) VALUES (88, 'Retífica Cilíndrica Universal', 'Utilizada para retificar peças cilíndricas com alta precisão', '2014-04-18', 6);
INSERT INTO equipamentos (pk_ID_equipamento, nome_equipamento, descricao, data_aquisicao, vida_util_restante) VALUES (89, 'Máquina de Eletroerosão a Fio', 'Utiliza descargas elétricas para cortar materiais condutores', '2010-12-09', 8);
INSERT INTO equipamentos (pk_ID_equipamento, nome_equipamento, descricao, data_aquisicao, vida_util_restante) VALUES (90, 'Serra de Fita Automática', 'Máquina utilizada para cortar materiais em formato de fita', '2013-11-11', 8);

SELECT * FROM equipamentos;

-- -----------------------------------------------------------------------------------------------------------------------------------

INSERT INTO manutencoes_programadas (pk_ID_manutencao, fk_ID_equipamento, tipo_manutencao, data_programada, responsavel_manutencao) VALUES (1, 1, 'Manutenção Corretiva', '2023-09-05', 'Fernanda');
INSERT INTO manutencoes_programadas (pk_ID_manutencao, fk_ID_equipamento, tipo_manutencao, data_programada, responsavel_manutencao) VALUES (2, 2, 'Manutenção Preventiva', '2023-01-24', 'Gabriel');
INSERT INTO manutencoes_programadas (pk_ID_manutencao, fk_ID_equipamento, tipo_manutencao, data_programada, responsavel_manutencao) VALUES (3, 3, 'Manutenção Preditiva', '2023-12-26', 'Isabela');
INSERT INTO manutencoes_programadas (pk_ID_manutencao, fk_ID_equipamento, tipo_manutencao, data_programada, responsavel_manutencao) VALUES (4, 4, 'Manutenção Detectiva', '2024-08-08', 'João');
INSERT INTO manutencoes_programadas (pk_ID_manutencao, fk_ID_equipamento, tipo_manutencao, data_programada, responsavel_manutencao) VALUES (5, 5, 'Manutenção Proativa', '2023-03-09', 'Larissa');
INSERT INTO manutencoes_programadas (pk_ID_manutencao, fk_ID_equipamento, tipo_manutencao, data_programada, responsavel_manutencao) VALUES (6, 6, 'Manutenção Autônoma', '2023-10-25', 'Miguel');
INSERT INTO manutencoes_programadas (pk_ID_manutencao, fk_ID_equipamento, tipo_manutencao, data_programada, responsavel_manutencao) VALUES (7, 7, 'Manutenção Corretiva', '2023-02-19', 'Fernanda');
INSERT INTO manutencoes_programadas (pk_ID_manutencao, fk_ID_equipamento, tipo_manutencao, data_programada, responsavel_manutencao) VALUES (8, 8, 'Manutenção Preventiva', '2024-09-09', 'Gabriel');
INSERT INTO manutencoes_programadas (pk_ID_manutencao, fk_ID_equipamento, tipo_manutencao, data_programada, responsavel_manutencao) VALUES (9, 9, 'Manutenção Preditiva', '2024-07-11', 'Isabela');
INSERT INTO manutencoes_programadas (pk_ID_manutencao, fk_ID_equipamento, tipo_manutencao, data_programada, responsavel_manutencao) VALUES (10, 10, 'Manutenção Detectiva', '2023-07-23', 'João');
INSERT INTO manutencoes_programadas (pk_ID_manutencao, fk_ID_equipamento, tipo_manutencao, data_programada, responsavel_manutencao) VALUES (11, 11, 'Manutenção Proativa', '2023-12-23', 'Larissa');
INSERT INTO manutencoes_programadas (pk_ID_manutencao, fk_ID_equipamento, tipo_manutencao, data_programada, responsavel_manutencao) VALUES (12, 12, 'Manutenção Autônoma', '2023-01-06', 'Miguel');
INSERT INTO manutencoes_programadas (pk_ID_manutencao, fk_ID_equipamento, tipo_manutencao, data_programada, responsavel_manutencao) VALUES (13, 13, 'Manutenção Corretiva', '2024-01-09', 'Fernanda');
INSERT INTO manutencoes_programadas (pk_ID_manutencao, fk_ID_equipamento, tipo_manutencao, data_programada, responsavel_manutencao) VALUES (14, 14, 'Manutenção Preventiva', '2023-03-14', 'Gabriel');
INSERT INTO manutencoes_programadas (pk_ID_manutencao, fk_ID_equipamento, tipo_manutencao, data_programada, responsavel_manutencao) VALUES (15, 15, 'Manutenção Preditiva', '2023-08-07', 'Isabela');
INSERT INTO manutencoes_programadas (pk_ID_manutencao, fk_ID_equipamento, tipo_manutencao, data_programada, responsavel_manutencao) VALUES (16, 16, 'Manutenção Detectiva', '2024-03-17', 'João');
INSERT INTO manutencoes_programadas (pk_ID_manutencao, fk_ID_equipamento, tipo_manutencao, data_programada, responsavel_manutencao) VALUES (17, 17, 'Manutenção Proativa', '2023-10-21', 'Larissa');
INSERT INTO manutencoes_programadas (pk_ID_manutencao, fk_ID_equipamento, tipo_manutencao, data_programada, responsavel_manutencao) VALUES (18, 18, 'Manutenção Autônoma', '2023-05-17', 'Miguel');
INSERT INTO manutencoes_programadas (pk_ID_manutencao, fk_ID_equipamento, tipo_manutencao, data_programada, responsavel_manutencao) VALUES (19, 19, 'Manutenção Corretiva', '2022-12-08', 'Fernanda');
INSERT INTO manutencoes_programadas (pk_ID_manutencao, fk_ID_equipamento, tipo_manutencao, data_programada, responsavel_manutencao) VALUES (20, 20, 'Manutenção Preventiva', '2024-04-24', 'Gabriel');
INSERT INTO manutencoes_programadas (pk_ID_manutencao, fk_ID_equipamento, tipo_manutencao, data_programada, responsavel_manutencao) VALUES (21, 21, 'Manutenção Preditiva', '2024-07-14', 'Isabela');
INSERT INTO manutencoes_programadas (pk_ID_manutencao, fk_ID_equipamento, tipo_manutencao, data_programada, responsavel_manutencao) VALUES (22, 22, 'Manutenção Detectiva', '2024-02-10', 'João');
INSERT INTO manutencoes_programadas (pk_ID_manutencao, fk_ID_equipamento, tipo_manutencao, data_programada, responsavel_manutencao) VALUES (23, 23, 'Manutenção Proativa', '2023-08-14', 'Larissa');
INSERT INTO manutencoes_programadas (pk_ID_manutencao, fk_ID_equipamento, tipo_manutencao, data_programada, responsavel_manutencao) VALUES (24, 24, 'Manutenção Autônoma', '2024-02-26', 'Miguel');
INSERT INTO manutencoes_programadas (pk_ID_manutencao, fk_ID_equipamento, tipo_manutencao, data_programada, responsavel_manutencao) VALUES (25, 25, 'Manutenção Corretiva', '2023-08-14', 'Fernanda');
INSERT INTO manutencoes_programadas (pk_ID_manutencao, fk_ID_equipamento, tipo_manutencao, data_programada, responsavel_manutencao) VALUES (26, 26, 'Manutenção Preventiva', '2023-04-19', 'Gabriel');
INSERT INTO manutencoes_programadas (pk_ID_manutencao, fk_ID_equipamento, tipo_manutencao, data_programada, responsavel_manutencao) VALUES (27, 27, 'Manutenção Preditiva', '2023-08-28', 'Isabela');
INSERT INTO manutencoes_programadas (pk_ID_manutencao, fk_ID_equipamento, tipo_manutencao, data_programada, responsavel_manutencao) VALUES (28, 28, 'Manutenção Detectiva', '2024-03-24', 'João');
INSERT INTO manutencoes_programadas (pk_ID_manutencao, fk_ID_equipamento, tipo_manutencao, data_programada, responsavel_manutencao) VALUES (29, 29, 'Manutenção Proativa', '2023-08-03', 'Larissa');
INSERT INTO manutencoes_programadas (pk_ID_manutencao, fk_ID_equipamento, tipo_manutencao, data_programada, responsavel_manutencao) VALUES (30, 30, 'Manutenção Autônoma', '2023-05-23', 'Miguel');
INSERT INTO manutencoes_programadas (pk_ID_manutencao, fk_ID_equipamento, tipo_manutencao, data_programada, responsavel_manutencao) VALUES (31, 31, 'Manutenção Corretiva', '2024-01-01', 'Fernanda');
INSERT INTO manutencoes_programadas (pk_ID_manutencao, fk_ID_equipamento, tipo_manutencao, data_programada, responsavel_manutencao) VALUES (32, 32, 'Manutenção Preventiva', '2023-07-25', 'Gabriel');
INSERT INTO manutencoes_programadas (pk_ID_manutencao, fk_ID_equipamento, tipo_manutencao, data_programada, responsavel_manutencao) VALUES (33, 33, 'Manutenção Preditiva', '2024-06-30', 'Isabela');
INSERT INTO manutencoes_programadas (pk_ID_manutencao, fk_ID_equipamento, tipo_manutencao, data_programada, responsavel_manutencao) VALUES (34, 34, 'Manutenção Detectiva', '2023-06-03', 'João');
INSERT INTO manutencoes_programadas (pk_ID_manutencao, fk_ID_equipamento, tipo_manutencao, data_programada, responsavel_manutencao) VALUES (35, 35, 'Manutenção Proativa', '2023-05-22', 'Larissa');
INSERT INTO manutencoes_programadas (pk_ID_manutencao, fk_ID_equipamento, tipo_manutencao, data_programada, responsavel_manutencao) VALUES (36, 36, 'Manutenção Autônoma', '2024-02-13', 'Miguel');
INSERT INTO manutencoes_programadas (pk_ID_manutencao, fk_ID_equipamento, tipo_manutencao, data_programada, responsavel_manutencao) VALUES (37, 37, 'Manutenção Corretiva', '2023-08-21', 'Fernanda');
INSERT INTO manutencoes_programadas (pk_ID_manutencao, fk_ID_equipamento, tipo_manutencao, data_programada, responsavel_manutencao) VALUES (38, 38, 'Manutenção Preventiva', '2024-01-01', 'Gabriel');
INSERT INTO manutencoes_programadas (pk_ID_manutencao, fk_ID_equipamento, tipo_manutencao, data_programada, responsavel_manutencao) VALUES (39, 39, 'Manutenção Preditiva', '2023-12-18', 'Isabela');
INSERT INTO manutencoes_programadas (pk_ID_manutencao, fk_ID_equipamento, tipo_manutencao, data_programada, responsavel_manutencao) VALUES (40, 40, 'Manutenção Detectiva', '2024-05-30', 'João');
INSERT INTO manutencoes_programadas (pk_ID_manutencao, fk_ID_equipamento, tipo_manutencao, data_programada, responsavel_manutencao) VALUES (41, 41, 'Manutenção Proativa', '2023-03-01', 'Larissa');
INSERT INTO manutencoes_programadas (pk_ID_manutencao, fk_ID_equipamento, tipo_manutencao, data_programada, responsavel_manutencao) VALUES (42, 42, 'Manutenção Autônoma', '2023-03-18', 'Miguel');
INSERT INTO manutencoes_programadas (pk_ID_manutencao, fk_ID_equipamento, tipo_manutencao, data_programada, responsavel_manutencao) VALUES (43, 43, 'Manutenção Corretiva', '2023-03-29', 'Fernanda');
INSERT INTO manutencoes_programadas (pk_ID_manutencao, fk_ID_equipamento, tipo_manutencao, data_programada, responsavel_manutencao) VALUES (44, 44, 'Manutenção Preventiva', '2024-02-26', 'Gabriel');
INSERT INTO manutencoes_programadas (pk_ID_manutencao, fk_ID_equipamento, tipo_manutencao, data_programada, responsavel_manutencao) VALUES (45, 45, 'Manutenção Preditiva', '2024-10-05', 'Isabela');
INSERT INTO manutencoes_programadas (pk_ID_manutencao, fk_ID_equipamento, tipo_manutencao, data_programada, responsavel_manutencao) VALUES (46, 46, 'Manutenção Detectiva', '2024-08-21', 'João');
INSERT INTO manutencoes_programadas (pk_ID_manutencao, fk_ID_equipamento, tipo_manutencao, data_programada, responsavel_manutencao) VALUES (47, 47, 'Manutenção Proativa', '2023-06-20', 'Larissa');
INSERT INTO manutencoes_programadas (pk_ID_manutencao, fk_ID_equipamento, tipo_manutencao, data_programada, responsavel_manutencao) VALUES (48, 48, 'Manutenção Autônoma', '2024-08-24', 'Miguel');
INSERT INTO manutencoes_programadas (pk_ID_manutencao, fk_ID_equipamento, tipo_manutencao, data_programada, responsavel_manutencao) VALUES (49, 49, 'Manutenção Corretiva', '2024-02-16', 'Fernanda');
INSERT INTO manutencoes_programadas (pk_ID_manutencao, fk_ID_equipamento, tipo_manutencao, data_programada, responsavel_manutencao) VALUES (50, 50, 'Manutenção Preventiva', '2024-07-22', 'Gabriel');
INSERT INTO manutencoes_programadas (pk_ID_manutencao, fk_ID_equipamento, tipo_manutencao, data_programada, responsavel_manutencao) VALUES (51, 51, 'Manutenção Preditiva', '2023-09-12', 'Isabela');
INSERT INTO manutencoes_programadas (pk_ID_manutencao, fk_ID_equipamento, tipo_manutencao, data_programada, responsavel_manutencao) VALUES (52, 52, 'Manutenção Detectiva', '2024-03-06', 'João');
INSERT INTO manutencoes_programadas (pk_ID_manutencao, fk_ID_equipamento, tipo_manutencao, data_programada, responsavel_manutencao) VALUES (53, 53, 'Manutenção Proativa', '2024-06-11', 'Larissa');
INSERT INTO manutencoes_programadas (pk_ID_manutencao, fk_ID_equipamento, tipo_manutencao, data_programada, responsavel_manutencao) VALUES (54, 54, 'Manutenção Autônoma', '2024-04-16', 'Miguel');
INSERT INTO manutencoes_programadas (pk_ID_manutencao, fk_ID_equipamento, tipo_manutencao, data_programada, responsavel_manutencao) VALUES (55, 55, 'Manutenção Corretiva', '2023-10-23', 'Fernanda');
INSERT INTO manutencoes_programadas (pk_ID_manutencao, fk_ID_equipamento, tipo_manutencao, data_programada, responsavel_manutencao) VALUES (56, 56, 'Manutenção Preventiva', '2024-03-18', 'Gabriel');
INSERT INTO manutencoes_programadas (pk_ID_manutencao, fk_ID_equipamento, tipo_manutencao, data_programada, responsavel_manutencao) VALUES (57, 57, 'Manutenção Preditiva', '2024-01-02', 'Isabela');
INSERT INTO manutencoes_programadas (pk_ID_manutencao, fk_ID_equipamento, tipo_manutencao, data_programada, responsavel_manutencao) VALUES (58, 58, 'Manutenção Detectiva', '2023-03-02', 'João');
INSERT INTO manutencoes_programadas (pk_ID_manutencao, fk_ID_equipamento, tipo_manutencao, data_programada, responsavel_manutencao) VALUES (59, 59, 'Manutenção Proativa', '2023-02-20', 'Larissa');
INSERT INTO manutencoes_programadas (pk_ID_manutencao, fk_ID_equipamento, tipo_manutencao, data_programada, responsavel_manutencao) VALUES (60, 60, 'Manutenção Autônoma', '2022-12-18', 'Miguel');
INSERT INTO manutencoes_programadas (pk_ID_manutencao, fk_ID_equipamento, tipo_manutencao, data_programada, responsavel_manutencao) VALUES (61, 61, 'Manutenção Corretiva', '2023-05-22', 'Fernanda');
INSERT INTO manutencoes_programadas (pk_ID_manutencao, fk_ID_equipamento, tipo_manutencao, data_programada, responsavel_manutencao) VALUES (62, 62, 'Manutenção Preventiva', '2023-05-31', 'Gabriel');
INSERT INTO manutencoes_programadas (pk_ID_manutencao, fk_ID_equipamento, tipo_manutencao, data_programada, responsavel_manutencao) VALUES (63, 63, 'Manutenção Preditiva', '2024-09-13', 'Isabela');
INSERT INTO manutencoes_programadas (pk_ID_manutencao, fk_ID_equipamento, tipo_manutencao, data_programada, responsavel_manutencao) VALUES (64, 64, 'Manutenção Detectiva', '2023-12-07', 'João');
INSERT INTO manutencoes_programadas (pk_ID_manutencao, fk_ID_equipamento, tipo_manutencao, data_programada, responsavel_manutencao) VALUES (65, 65, 'Manutenção Proativa', '2023-06-27', 'Larissa');
INSERT INTO manutencoes_programadas (pk_ID_manutencao, fk_ID_equipamento, tipo_manutencao, data_programada, responsavel_manutencao) VALUES (66, 66, 'Manutenção Autônoma', '2023-04-13', 'Miguel');
INSERT INTO manutencoes_programadas (pk_ID_manutencao, fk_ID_equipamento, tipo_manutencao, data_programada, responsavel_manutencao) VALUES (67, 67, 'Manutenção Corretiva', '2023-06-30', 'Fernanda');
INSERT INTO manutencoes_programadas (pk_ID_manutencao, fk_ID_equipamento, tipo_manutencao, data_programada, responsavel_manutencao) VALUES (68, 68, 'Manutenção Preventiva', '2022-12-13', 'Gabriel');
INSERT INTO manutencoes_programadas (pk_ID_manutencao, fk_ID_equipamento, tipo_manutencao, data_programada, responsavel_manutencao) VALUES (69, 69, 'Manutenção Preditiva', '2023-08-22', 'Isabela');
INSERT INTO manutencoes_programadas (pk_ID_manutencao, fk_ID_equipamento, tipo_manutencao, data_programada, responsavel_manutencao) VALUES (70, 70, 'Manutenção Detectiva', '2022-12-13', 'João');
INSERT INTO manutencoes_programadas (pk_ID_manutencao, fk_ID_equipamento, tipo_manutencao, data_programada, responsavel_manutencao) VALUES (71, 71, 'Manutenção Proativa', '2024-03-28', 'Larissa');
INSERT INTO manutencoes_programadas (pk_ID_manutencao, fk_ID_equipamento, tipo_manutencao, data_programada, responsavel_manutencao) VALUES (72, 72, 'Manutenção Autônoma', '2023-08-14', 'Miguel');
INSERT INTO manutencoes_programadas (pk_ID_manutencao, fk_ID_equipamento, tipo_manutencao, data_programada, responsavel_manutencao) VALUES (73, 73, 'Manutenção Corretiva', '2023-07-27', 'Fernanda');
INSERT INTO manutencoes_programadas (pk_ID_manutencao, fk_ID_equipamento, tipo_manutencao, data_programada, responsavel_manutencao) VALUES (74, 74, 'Manutenção Preventiva', '2023-04-29', 'Gabriel');
INSERT INTO manutencoes_programadas (pk_ID_manutencao, fk_ID_equipamento, tipo_manutencao, data_programada, responsavel_manutencao) VALUES (75, 75, 'Manutenção Preditiva', '2023-08-06', 'Isabela');
INSERT INTO manutencoes_programadas (pk_ID_manutencao, fk_ID_equipamento, tipo_manutencao, data_programada, responsavel_manutencao) VALUES (76, 76, 'Manutenção Detectiva', '2024-06-05', 'João');
INSERT INTO manutencoes_programadas (pk_ID_manutencao, fk_ID_equipamento, tipo_manutencao, data_programada, responsavel_manutencao) VALUES (77, 77, 'Manutenção Proativa', '2023-11-29', 'Larissa');
INSERT INTO manutencoes_programadas (pk_ID_manutencao, fk_ID_equipamento, tipo_manutencao, data_programada, responsavel_manutencao) VALUES (78, 78, 'Manutenção Autônoma', '2022-12-24', 'Miguel');
INSERT INTO manutencoes_programadas (pk_ID_manutencao, fk_ID_equipamento, tipo_manutencao, data_programada, responsavel_manutencao) VALUES (79, 79, 'Manutenção Corretiva', '2024-01-11', 'Fernanda');
INSERT INTO manutencoes_programadas (pk_ID_manutencao, fk_ID_equipamento, tipo_manutencao, data_programada, responsavel_manutencao) VALUES (80, 80, 'Manutenção Preventiva', '2024-08-01', 'Gabriel');
INSERT INTO manutencoes_programadas (pk_ID_manutencao, fk_ID_equipamento, tipo_manutencao, data_programada, responsavel_manutencao) VALUES (81, 81, 'Manutenção Preditiva', '2024-03-29', 'Isabela');
INSERT INTO manutencoes_programadas (pk_ID_manutencao, fk_ID_equipamento, tipo_manutencao, data_programada, responsavel_manutencao) VALUES (82, 82, 'Manutenção Detectiva', '2023-09-27', 'João');
INSERT INTO manutencoes_programadas (pk_ID_manutencao, fk_ID_equipamento, tipo_manutencao, data_programada, responsavel_manutencao) VALUES (83, 83, 'Manutenção Proativa', '2023-10-26', 'Larissa');
INSERT INTO manutencoes_programadas (pk_ID_manutencao, fk_ID_equipamento, tipo_manutencao, data_programada, responsavel_manutencao) VALUES (84, 84, 'Manutenção Autônoma', '2023-11-23', 'Miguel');
INSERT INTO manutencoes_programadas (pk_ID_manutencao, fk_ID_equipamento, tipo_manutencao, data_programada, responsavel_manutencao) VALUES (85, 85, 'Manutenção Corretiva', '2024-08-26', 'Fernanda');
INSERT INTO manutencoes_programadas (pk_ID_manutencao, fk_ID_equipamento, tipo_manutencao, data_programada, responsavel_manutencao) VALUES (86, 86, 'Manutenção Preventiva', '2024-09-10', 'Gabriel');
INSERT INTO manutencoes_programadas (pk_ID_manutencao, fk_ID_equipamento, tipo_manutencao, data_programada, responsavel_manutencao) VALUES (87, 87, 'Manutenção Preditiva', '2024-08-31', 'Isabela');
INSERT INTO manutencoes_programadas (pk_ID_manutencao, fk_ID_equipamento, tipo_manutencao, data_programada, responsavel_manutencao) VALUES (88, 88, 'Manutenção Detectiva', '2024-05-30', 'João');
INSERT INTO manutencoes_programadas (pk_ID_manutencao, fk_ID_equipamento, tipo_manutencao, data_programada, responsavel_manutencao) VALUES (89, 89, 'Manutenção Proativa', '2023-06-14', 'Larissa');
INSERT INTO manutencoes_programadas (pk_ID_manutencao, fk_ID_equipamento, tipo_manutencao, data_programada, responsavel_manutencao) VALUES (90, 90, 'Manutenção Autônoma', '2023-07-03', 'Miguel');
INSERT INTO manutencoes_programadas (pk_ID_manutencao, fk_ID_equipamento, tipo_manutencao, data_programada, responsavel_manutencao) VALUES (91, 91, 'Manutenção Preventiva', '2024-08-11', 'Fernanda');
INSERT INTO manutencoes_programadas (pk_ID_manutencao, fk_ID_equipamento, tipo_manutencao, data_programada, responsavel_manutencao) VALUES (92, 92, 'Manutenção Preditiva', '2024-03-28', 'Gabriel');
INSERT INTO manutencoes_programadas (pk_ID_manutencao, fk_ID_equipamento, tipo_manutencao, data_programada, responsavel_manutencao) VALUES (93, 93, 'Manutenção Detectiva', '2023-09-29', 'Isabela');
INSERT INTO manutencoes_programadas (pk_ID_manutencao, fk_ID_equipamento, tipo_manutencao, data_programada, responsavel_manutencao) VALUES (94, 94, 'Manutenção Proativa', '2023-10-06', 'João');
INSERT INTO manutencoes_programadas (pk_ID_manutencao, fk_ID_equipamento, tipo_manutencao, data_programada, responsavel_manutencao) VALUES (95, 95, 'Manutenção Autônoma', '2023-11-13', 'Larissa');
INSERT INTO manutencoes_programadas (pk_ID_manutencao, fk_ID_equipamento, tipo_manutencao, data_programada, responsavel_manutencao) VALUES (96, 96, 'Manutenção Corretiva', '2024-08-16', 'Miguel');
INSERT INTO manutencoes_programadas (pk_ID_manutencao, fk_ID_equipamento, tipo_manutencao, data_programada, responsavel_manutencao) VALUES (97, 97, 'Manutenção Preventiva', '2024-09-11', 'Fernanda');
INSERT INTO manutencoes_programadas (pk_ID_manutencao, fk_ID_equipamento, tipo_manutencao, data_programada, responsavel_manutencao) VALUES (98, 98, 'Manutenção Preditiva', '2024-08-12', 'Gabriel');
INSERT INTO manutencoes_programadas (pk_ID_manutencao, fk_ID_equipamento, tipo_manutencao, data_programada, responsavel_manutencao) VALUES (99, 99, 'Manutenção Detectiva', '2024-05-18', 'Isabela');
INSERT INTO manutencoes_programadas (pk_ID_manutencao, fk_ID_equipamento, tipo_manutencao, data_programada, responsavel_manutencao) VALUES (100, 100, 'Manutenção Proativa', '2023-06-30', 'João');

SELECT * FROM manutencoes_programadas;

-- -----------------------------------------------------------------------------------------------------------------------------------

INSERT INTO historico_manutencoes (pk_ID_manutencao, fk_id_equipamento, fk_ID_manutencao, data_da_manutencao, custos_manutencao) VALUES (1, 1, 1, '2022-10-24', 6559.81);
INSERT INTO historico_manutencoes (pk_ID_manutencao, fk_id_equipamento, fk_ID_manutencao, data_da_manutencao, custos_manutencao) VALUES (2, 2, 2, '2023-02-12', 5702.86);
INSERT INTO historico_manutencoes (pk_ID_manutencao, fk_id_equipamento, fk_ID_manutencao, data_da_manutencao, custos_manutencao) VALUES (3, 3, 3, '2021-09-16', 8989.1);
INSERT INTO historico_manutencoes (pk_ID_manutencao, fk_id_equipamento, fk_ID_manutencao, data_da_manutencao, custos_manutencao) VALUES (4, 4, 4, '2021-08-14', 7673.51);
INSERT INTO historico_manutencoes (pk_ID_manutencao, fk_id_equipamento, fk_ID_manutencao, data_da_manutencao, custos_manutencao) VALUES (5, 5, 5, '2022-10-13', 3101.88);
INSERT INTO historico_manutencoes (pk_ID_manutencao, fk_id_equipamento, fk_ID_manutencao, data_da_manutencao, custos_manutencao) VALUES (6, 6, 6, '2022-03-05', 2173.77);
INSERT INTO historico_manutencoes (pk_ID_manutencao, fk_id_equipamento, fk_ID_manutencao, data_da_manutencao, custos_manutencao) VALUES (7, 7, 7, '2021-04-21', 2462.11);
INSERT INTO historico_manutencoes (pk_ID_manutencao, fk_id_equipamento, fk_ID_manutencao, data_da_manutencao, custos_manutencao) VALUES (8, 8, 8, '2022-06-29', 8804.01);
INSERT INTO historico_manutencoes (pk_ID_manutencao, fk_id_equipamento, fk_ID_manutencao, data_da_manutencao, custos_manutencao) VALUES (9, 9, 9, '2021-10-16', 1928.47);
INSERT INTO historico_manutencoes (pk_ID_manutencao, fk_id_equipamento, fk_ID_manutencao, data_da_manutencao, custos_manutencao) VALUES (10, 10, 10, '2021-06-21', 3276.42);
INSERT INTO historico_manutencoes (pk_ID_manutencao, fk_id_equipamento, fk_ID_manutencao, data_da_manutencao, custos_manutencao) VALUES (11, 11, 11, '2022-06-26', 7520.67);
INSERT INTO historico_manutencoes (pk_ID_manutencao, fk_id_equipamento, fk_ID_manutencao, data_da_manutencao, custos_manutencao) VALUES (12, 12, 12, '2022-09-03', 9579.86);
INSERT INTO historico_manutencoes (pk_ID_manutencao, fk_id_equipamento, fk_ID_manutencao, data_da_manutencao, custos_manutencao) VALUES (13, 13, 13, '2021-05-21', 2596.95);
INSERT INTO historico_manutencoes (pk_ID_manutencao, fk_id_equipamento, fk_ID_manutencao, data_da_manutencao, custos_manutencao) VALUES (14, 14, 14, '2022-02-02', 635.84);
INSERT INTO historico_manutencoes (pk_ID_manutencao, fk_id_equipamento, fk_ID_manutencao, data_da_manutencao, custos_manutencao) VALUES (15, 15, 15, '2022-11-18', 767.42);
INSERT INTO historico_manutencoes (pk_ID_manutencao, fk_id_equipamento, fk_ID_manutencao, data_da_manutencao, custos_manutencao) VALUES (16, 16, 16, '2022-11-15', 1228.74);
INSERT INTO historico_manutencoes (pk_ID_manutencao, fk_id_equipamento, fk_ID_manutencao, data_da_manutencao, custos_manutencao) VALUES (17, 17, 17, '2023-07-18', 2297.34);
INSERT INTO historico_manutencoes (pk_ID_manutencao, fk_id_equipamento, fk_ID_manutencao, data_da_manutencao, custos_manutencao) VALUES (18, 18, 18, '2021-06-28', 5223.29);
INSERT INTO historico_manutencoes (pk_ID_manutencao, fk_id_equipamento, fk_ID_manutencao, data_da_manutencao, custos_manutencao) VALUES (19, 19, 19, '2021-09-23', 3174.17);
INSERT INTO historico_manutencoes (pk_ID_manutencao, fk_id_equipamento, fk_ID_manutencao, data_da_manutencao, custos_manutencao) VALUES (20, 20, 20, '2021-12-17', 3617.2);
INSERT INTO historico_manutencoes (pk_ID_manutencao, fk_id_equipamento, fk_ID_manutencao, data_da_manutencao, custos_manutencao) VALUES (21, 21, 21, '2022-09-02', 2721.44);
INSERT INTO historico_manutencoes (pk_ID_manutencao, fk_id_equipamento, fk_ID_manutencao, data_da_manutencao, custos_manutencao) VALUES (22, 22, 22, '2022-04-20', 1560.44);
INSERT INTO historico_manutencoes (pk_ID_manutencao, fk_id_equipamento, fk_ID_manutencao, data_da_manutencao, custos_manutencao) VALUES (23, 23, 23, '2021-07-26', 3359.03);
INSERT INTO historico_manutencoes (pk_ID_manutencao, fk_id_equipamento, fk_ID_manutencao, data_da_manutencao, custos_manutencao) VALUES (24, 24, 24, '2021-10-20', 2503.89);
INSERT INTO historico_manutencoes (pk_ID_manutencao, fk_id_equipamento, fk_ID_manutencao, data_da_manutencao, custos_manutencao) VALUES (25, 25, 25, '2021-12-15', 5763.21);
INSERT INTO historico_manutencoes (pk_ID_manutencao, fk_id_equipamento, fk_ID_manutencao, data_da_manutencao, custos_manutencao) VALUES (26, 26, 26, '2021-12-18', 9344.02);
INSERT INTO historico_manutencoes (pk_ID_manutencao, fk_id_equipamento, fk_ID_manutencao, data_da_manutencao, custos_manutencao) VALUES (27, 27, 27, '2021-04-24', 627.36);
INSERT INTO historico_manutencoes (pk_ID_manutencao, fk_id_equipamento, fk_ID_manutencao, data_da_manutencao, custos_manutencao) VALUES (28, 28, 28, '2022-04-05', 4560.08);
INSERT INTO historico_manutencoes (pk_ID_manutencao, fk_id_equipamento, fk_ID_manutencao, data_da_manutencao, custos_manutencao) VALUES (29, 29, 29, '2023-07-22', 5400.37);
INSERT INTO historico_manutencoes (pk_ID_manutencao, fk_id_equipamento, fk_ID_manutencao, data_da_manutencao, custos_manutencao) VALUES (30, 30, 30, '2022-11-29', 8388.61);
INSERT INTO historico_manutencoes (pk_ID_manutencao, fk_id_equipamento, fk_ID_manutencao, data_da_manutencao, custos_manutencao) VALUES (31, 31, 31, '2021-04-28', 1774.91);
INSERT INTO historico_manutencoes (pk_ID_manutencao, fk_id_equipamento, fk_ID_manutencao, data_da_manutencao, custos_manutencao) VALUES (32, 32, 32, '2023-06-14', 6806.47);
INSERT INTO historico_manutencoes (pk_ID_manutencao, fk_id_equipamento, fk_ID_manutencao, data_da_manutencao, custos_manutencao) VALUES (33, 33, 33, '2021-08-14', 6235.57);
INSERT INTO historico_manutencoes (pk_ID_manutencao, fk_id_equipamento, fk_ID_manutencao, data_da_manutencao, custos_manutencao) VALUES (34, 34, 34, '2023-04-06', 3977.91);
INSERT INTO historico_manutencoes (pk_ID_manutencao, fk_id_equipamento, fk_ID_manutencao, data_da_manutencao, custos_manutencao) VALUES (35, 35, 35, '2022-01-19', 2107.32);
INSERT INTO historico_manutencoes (pk_ID_manutencao, fk_id_equipamento, fk_ID_manutencao, data_da_manutencao, custos_manutencao) VALUES (36, 36, 36, '2023-05-19', 3406.19);
INSERT INTO historico_manutencoes (pk_ID_manutencao, fk_id_equipamento, fk_ID_manutencao, data_da_manutencao, custos_manutencao) VALUES (37, 37, 37, '2023-04-17', 921.55);
INSERT INTO historico_manutencoes (pk_ID_manutencao, fk_id_equipamento, fk_ID_manutencao, data_da_manutencao, custos_manutencao) VALUES (38, 38, 38, '2023-03-16', 5403.25);
INSERT INTO historico_manutencoes (pk_ID_manutencao, fk_id_equipamento, fk_ID_manutencao, data_da_manutencao, custos_manutencao) VALUES (39, 39, 39, '2022-01-03', 3228.64);
INSERT INTO historico_manutencoes (pk_ID_manutencao, fk_id_equipamento, fk_ID_manutencao, data_da_manutencao, custos_manutencao) VALUES (40, 40, 40, '2023-04-03', 8407.46);
INSERT INTO historico_manutencoes (pk_ID_manutencao, fk_id_equipamento, fk_ID_manutencao, data_da_manutencao, custos_manutencao) VALUES (41, 41, 41, '2021-07-13', 1755.53);
INSERT INTO historico_manutencoes (pk_ID_manutencao, fk_id_equipamento, fk_ID_manutencao, data_da_manutencao, custos_manutencao) VALUES (42, 42, 42, '2021-06-19', 2458.39);
INSERT INTO historico_manutencoes (pk_ID_manutencao, fk_id_equipamento, fk_ID_manutencao, data_da_manutencao, custos_manutencao) VALUES (43, 43, 43, '2023-07-18', 760.82);
INSERT INTO historico_manutencoes (pk_ID_manutencao, fk_id_equipamento, fk_ID_manutencao, data_da_manutencao, custos_manutencao) VALUES (44, 44, 44, '2021-10-12', 7644.13);
INSERT INTO historico_manutencoes (pk_ID_manutencao, fk_id_equipamento, fk_ID_manutencao, data_da_manutencao, custos_manutencao) VALUES (45, 45, 45, '2021-09-26', 1544.48);
INSERT INTO historico_manutencoes (pk_ID_manutencao, fk_id_equipamento, fk_ID_manutencao, data_da_manutencao, custos_manutencao) VALUES (46, 46, 46, '2021-10-01', 1748.76);
INSERT INTO historico_manutencoes (pk_ID_manutencao, fk_id_equipamento, fk_ID_manutencao, data_da_manutencao, custos_manutencao) VALUES (47, 47, 47, '2022-08-05', 7516.79);
INSERT INTO historico_manutencoes (pk_ID_manutencao, fk_id_equipamento, fk_ID_manutencao, data_da_manutencao, custos_manutencao) VALUES (48, 48, 48, '2022-03-12', 1129.07);
INSERT INTO historico_manutencoes (pk_ID_manutencao, fk_id_equipamento, fk_ID_manutencao, data_da_manutencao, custos_manutencao) VALUES (49, 49, 49, '2022-12-28', 3626.03);
INSERT INTO historico_manutencoes (pk_ID_manutencao, fk_id_equipamento, fk_ID_manutencao, data_da_manutencao, custos_manutencao) VALUES (50, 50, 50, '2022-07-21', 6289.66);
INSERT INTO historico_manutencoes (pk_ID_manutencao, fk_id_equipamento, fk_ID_manutencao, data_da_manutencao, custos_manutencao) VALUES (51, 51, 51, '2022-02-26', 3630.51);
INSERT INTO historico_manutencoes (pk_ID_manutencao, fk_id_equipamento, fk_ID_manutencao, data_da_manutencao, custos_manutencao) VALUES (52, 52, 52, '2021-09-29', 8532.02);
INSERT INTO historico_manutencoes (pk_ID_manutencao, fk_id_equipamento, fk_ID_manutencao, data_da_manutencao, custos_manutencao) VALUES (53, 53, 53, '2023-06-22', 8132.55);
INSERT INTO historico_manutencoes (pk_ID_manutencao, fk_id_equipamento, fk_ID_manutencao, data_da_manutencao, custos_manutencao) VALUES (54, 54, 54, '2021-11-02', 8042.64);
INSERT INTO historico_manutencoes (pk_ID_manutencao, fk_id_equipamento, fk_ID_manutencao, data_da_manutencao, custos_manutencao) VALUES (55, 55, 55, '2023-04-05', 8090.63);
INSERT INTO historico_manutencoes (pk_ID_manutencao, fk_id_equipamento, fk_ID_manutencao, data_da_manutencao, custos_manutencao) VALUES (56, 56, 56, '2022-03-04', 9253.22);
INSERT INTO historico_manutencoes (pk_ID_manutencao, fk_id_equipamento, fk_ID_manutencao, data_da_manutencao, custos_manutencao) VALUES (57, 57, 57, '2022-11-27', 1665.88);
INSERT INTO historico_manutencoes (pk_ID_manutencao, fk_id_equipamento, fk_ID_manutencao, data_da_manutencao, custos_manutencao) VALUES (58, 58, 58, '2023-03-01', 6814.51);
INSERT INTO historico_manutencoes (pk_ID_manutencao, fk_id_equipamento, fk_ID_manutencao, data_da_manutencao, custos_manutencao) VALUES (59, 59, 59, '2022-06-09', 6232.64);
INSERT INTO historico_manutencoes (pk_ID_manutencao, fk_id_equipamento, fk_ID_manutencao, data_da_manutencao, custos_manutencao) VALUES (60, 60, 60, '2022-05-30', 8722.0);
INSERT INTO historico_manutencoes (pk_ID_manutencao, fk_id_equipamento, fk_ID_manutencao, data_da_manutencao, custos_manutencao) VALUES (61, 61, 61, '2021-09-06', 8025.16);
INSERT INTO historico_manutencoes (pk_ID_manutencao, fk_id_equipamento, fk_ID_manutencao, data_da_manutencao, custos_manutencao) VALUES (62, 62, 62, '2021-09-14', 8910.87);
INSERT INTO historico_manutencoes (pk_ID_manutencao, fk_id_equipamento, fk_ID_manutencao, data_da_manutencao, custos_manutencao) VALUES (63, 63, 63, '2021-05-10', 7431.81);
INSERT INTO historico_manutencoes (pk_ID_manutencao, fk_id_equipamento, fk_ID_manutencao, data_da_manutencao, custos_manutencao) VALUES (64, 64, 64, '2021-06-06', 9820.69);
INSERT INTO historico_manutencoes (pk_ID_manutencao, fk_id_equipamento, fk_ID_manutencao, data_da_manutencao, custos_manutencao) VALUES (65, 65, 65, '2022-06-14', 8436.79);
INSERT INTO historico_manutencoes (pk_ID_manutencao, fk_id_equipamento, fk_ID_manutencao, data_da_manutencao, custos_manutencao) VALUES (66, 66, 66, '2021-09-13', 3879.56);
INSERT INTO historico_manutencoes (pk_ID_manutencao, fk_id_equipamento, fk_ID_manutencao, data_da_manutencao, custos_manutencao) VALUES (67, 67, 67, '2023-01-22', 9082.24);
INSERT INTO historico_manutencoes (pk_ID_manutencao, fk_id_equipamento, fk_ID_manutencao, data_da_manutencao, custos_manutencao) VALUES (68, 68, 68, '2023-02-20', 6249.57);
INSERT INTO historico_manutencoes (pk_ID_manutencao, fk_id_equipamento, fk_ID_manutencao, data_da_manutencao, custos_manutencao) VALUES (69, 69, 69, '2021-06-09', 8055.88);
INSERT INTO historico_manutencoes (pk_ID_manutencao, fk_id_equipamento, fk_ID_manutencao, data_da_manutencao, custos_manutencao) VALUES (70, 70, 70, '2022-06-14', 5628.43);
INSERT INTO historico_manutencoes (pk_ID_manutencao, fk_id_equipamento, fk_ID_manutencao, data_da_manutencao, custos_manutencao) VALUES (71, 71, 71, '2021-09-07', 900.56);
INSERT INTO historico_manutencoes (pk_ID_manutencao, fk_id_equipamento, fk_ID_manutencao, data_da_manutencao, custos_manutencao) VALUES (72, 72, 72, '2021-08-20', 6212.94);
INSERT INTO historico_manutencoes (pk_ID_manutencao, fk_id_equipamento, fk_ID_manutencao, data_da_manutencao, custos_manutencao) VALUES (73, 73, 73, '2022-06-23', 3030.0);
INSERT INTO historico_manutencoes (pk_ID_manutencao, fk_id_equipamento, fk_ID_manutencao, data_da_manutencao, custos_manutencao) VALUES (74, 74, 74, '2022-05-04', 2561.89);
INSERT INTO historico_manutencoes (pk_ID_manutencao, fk_id_equipamento, fk_ID_manutencao, data_da_manutencao, custos_manutencao) VALUES (75, 75, 75, '2022-04-29', 2145.51);
INSERT INTO historico_manutencoes (pk_ID_manutencao, fk_id_equipamento, fk_ID_manutencao, data_da_manutencao, custos_manutencao) VALUES (76, 76, 76, '2021-08-13', 1805.11);
INSERT INTO historico_manutencoes (pk_ID_manutencao, fk_id_equipamento, fk_ID_manutencao, data_da_manutencao, custos_manutencao) VALUES (77, 77, 77, '2023-01-31', 3638.36);
INSERT INTO historico_manutencoes (pk_ID_manutencao, fk_id_equipamento, fk_ID_manutencao, data_da_manutencao, custos_manutencao) VALUES (78, 78, 78, '2021-07-02', 7656.55);
INSERT INTO historico_manutencoes (pk_ID_manutencao, fk_id_equipamento, fk_ID_manutencao, data_da_manutencao, custos_manutencao) VALUES (79, 79, 79, '2022-07-10', 3588.24);
INSERT INTO historico_manutencoes (pk_ID_manutencao, fk_id_equipamento, fk_ID_manutencao, data_da_manutencao, custos_manutencao) VALUES (80, 80, 80, '2021-09-03', 7233.21);
INSERT INTO historico_manutencoes (pk_ID_manutencao, fk_id_equipamento, fk_ID_manutencao, data_da_manutencao, custos_manutencao) VALUES (81, 81, 81, '2023-06-03', 3741.39);
INSERT INTO historico_manutencoes (pk_ID_manutencao, fk_id_equipamento, fk_ID_manutencao, data_da_manutencao, custos_manutencao) VALUES (82, 82, 82, '2022-04-22', 3533.6);
INSERT INTO historico_manutencoes (pk_ID_manutencao, fk_id_equipamento, fk_ID_manutencao, data_da_manutencao, custos_manutencao) VALUES (83, 83, 83, '2021-08-26', 4889.74);
INSERT INTO historico_manutencoes (pk_ID_manutencao, fk_id_equipamento, fk_ID_manutencao, data_da_manutencao, custos_manutencao) VALUES (84, 84, 84, '2022-09-24', 5070.47);
INSERT INTO historico_manutencoes (pk_ID_manutencao, fk_id_equipamento, fk_ID_manutencao, data_da_manutencao, custos_manutencao) VALUES (85, 85, 85, '2022-10-21', 584.73);
INSERT INTO historico_manutencoes (pk_ID_manutencao, fk_id_equipamento, fk_ID_manutencao, data_da_manutencao, custos_manutencao) VALUES (86, 86, 86, '2022-04-30', 5512.93);
INSERT INTO historico_manutencoes (pk_ID_manutencao, fk_id_equipamento, fk_ID_manutencao, data_da_manutencao, custos_manutencao) VALUES (87, 87, 87, '2023-05-24', 9785.96);
INSERT INTO historico_manutencoes (pk_ID_manutencao, fk_id_equipamento, fk_ID_manutencao, data_da_manutencao, custos_manutencao) VALUES (88, 88, 88, '2021-05-03', 2932.35);
INSERT INTO historico_manutencoes (pk_ID_manutencao, fk_id_equipamento, fk_ID_manutencao, data_da_manutencao, custos_manutencao) VALUES (89, 89, 89, '2021-07-21', 2777.26);
INSERT INTO historico_manutencoes (pk_ID_manutencao, fk_id_equipamento, fk_ID_manutencao, data_da_manutencao, custos_manutencao) VALUES (90, 90, 90, '2022-07-10', 9279.67);

SELECT * FROM historico_manutencoes;

-- -----------------------------------------------------------------------------------------------------------------------------------
-- CONTROLE DE QUALIDADE DE PEÇAS

INSERT INTO inspecoes (pk_ID_inspecao, ID_peca_inspecionada, data_inspecao, resultado_inspecao, observacoes ) VALUES (1, 1, '2014-12-04', 'Aprovado', 'Durante a inspeção ficou evidente que os padrões de fabricação foram rigorosamente seguidos');
INSERT INTO inspecoes (pk_ID_inspecao, ID_peca_inspecionada, data_inspecao, resultado_inspecao, observacoes ) VALUES (2, 2, '2011-07-01', 'Reprovado', 'A inspeção dos equipamentos revelou desgaste significativo em algumas peças críticas');
INSERT INTO inspecoes (pk_ID_inspecao, ID_peca_inspecionada, data_inspecao, resultado_inspecao, observacoes ) VALUES (3, 3, '2021-12-29', 'Aprovado', 'Durante a inspeção ficou evidente que os padrões de fabricação foram rigorosamente seguidos');
INSERT INTO inspecoes (pk_ID_inspecao, ID_peca_inspecionada, data_inspecao, resultado_inspecao, observacoes ) VALUES (4, 4, '2021-10-23', 'Reprovado', 'A inspeção dos equipamentos revelou desgaste significativo em algumas peças críticas');
INSERT INTO inspecoes (pk_ID_inspecao, ID_peca_inspecionada, data_inspecao, resultado_inspecao, observacoes ) VALUES (5, 5, '2014-06-22', 'Aprovado', 'Durante a inspeção ficou evidente que os padrões de fabricação foram rigorosamente seguidos');
INSERT INTO inspecoes (pk_ID_inspecao, ID_peca_inspecionada, data_inspecao, resultado_inspecao, observacoes ) VALUES (6, 6, '2016-05-21', 'Reprovado', 'A inspeção dos equipamentos revelou desgaste significativo em algumas peças críticas');
INSERT INTO inspecoes (pk_ID_inspecao, ID_peca_inspecionada, data_inspecao, resultado_inspecao, observacoes ) VALUES (7, 7, '2019-12-15', 'Aprovado', 'Durante a inspeção ficou evidente que os padrões de fabricação foram rigorosamente seguidos');
INSERT INTO inspecoes (pk_ID_inspecao, ID_peca_inspecionada, data_inspecao, resultado_inspecao, observacoes ) VALUES (8, 8, '2013-03-05', 'Reprovado', 'A inspeção dos equipamentos revelou desgaste significativo em algumas peças críticas');
INSERT INTO inspecoes (pk_ID_inspecao, ID_peca_inspecionada, data_inspecao, resultado_inspecao, observacoes ) VALUES (9, 9, '2021-10-09', 'Aprovado', 'Durante a inspeção ficou evidente que os padrões de fabricação foram rigorosamente seguidos');
INSERT INTO inspecoes (pk_ID_inspecao, ID_peca_inspecionada, data_inspecao, resultado_inspecao, observacoes ) VALUES (10, 10, '2020-02-02', 'Reprovado', 'A inspeção dos equipamentos revelou desgaste significativo em algumas peças críticas');
INSERT INTO inspecoes (pk_ID_inspecao, ID_peca_inspecionada, data_inspecao, resultado_inspecao, observacoes ) VALUES (11, 11, '2015-06-10', 'Aprovado', 'Durante a inspeção ficou evidente que os padrões de fabricação foram rigorosamente seguidos');
INSERT INTO inspecoes (pk_ID_inspecao, ID_peca_inspecionada, data_inspecao, resultado_inspecao, observacoes ) VALUES (12, 12, '2017-05-03', 'Reprovado', 'A inspeção dos equipamentos revelou desgaste significativo em algumas peças críticas');
INSERT INTO inspecoes (pk_ID_inspecao, ID_peca_inspecionada, data_inspecao, resultado_inspecao, observacoes ) VALUES (13, 13, '2014-03-26', 'Aprovado', 'Durante a inspeção ficou evidente que os padrões de fabricação foram rigorosamente seguidos');
INSERT INTO inspecoes (pk_ID_inspecao, ID_peca_inspecionada, data_inspecao, resultado_inspecao, observacoes ) VALUES (14, 14, '2014-06-30', 'Reprovado', 'A inspeção dos equipamentos revelou desgaste significativo em algumas peças críticas');
INSERT INTO inspecoes (pk_ID_inspecao, ID_peca_inspecionada, data_inspecao, resultado_inspecao, observacoes ) VALUES (15, 15, '2011-04-22', 'Aprovado', 'Durante a inspeção ficou evidente que os padrões de fabricação foram rigorosamente seguidos');
INSERT INTO inspecoes (pk_ID_inspecao, ID_peca_inspecionada, data_inspecao, resultado_inspecao, observacoes ) VALUES (16, 16, '2016-08-08', 'Reprovado', 'A inspeção dos equipamentos revelou desgaste significativo em algumas peças críticas');
INSERT INTO inspecoes (pk_ID_inspecao, ID_peca_inspecionada, data_inspecao, resultado_inspecao, observacoes ) VALUES (17, 17, '2017-03-08', 'Aprovado', 'Durante a inspeção ficou evidente que os padrões de fabricação foram rigorosamente seguidos');
INSERT INTO inspecoes (pk_ID_inspecao, ID_peca_inspecionada, data_inspecao, resultado_inspecao, observacoes ) VALUES (18, 18, '2012-05-08', 'Reprovado', 'A inspeção dos equipamentos revelou desgaste significativo em algumas peças críticas');
INSERT INTO inspecoes (pk_ID_inspecao, ID_peca_inspecionada, data_inspecao, resultado_inspecao, observacoes ) VALUES (19, 19, '2012-07-16', 'Aprovado', 'Durante a inspeção ficou evidente que os padrões de fabricação foram rigorosamente seguidos');
INSERT INTO inspecoes (pk_ID_inspecao, ID_peca_inspecionada, data_inspecao, resultado_inspecao, observacoes ) VALUES (20, 20, '2013-08-01', 'Reprovado', 'A inspeção dos equipamentos revelou desgaste significativo em algumas peças críticas');
INSERT INTO inspecoes (pk_ID_inspecao, ID_peca_inspecionada, data_inspecao, resultado_inspecao, observacoes ) VALUES (21, 21, '2022-02-24', 'Aprovado', 'Durante a inspeção ficou evidente que os padrões de fabricação foram rigorosamente seguidos');
INSERT INTO inspecoes (pk_ID_inspecao, ID_peca_inspecionada, data_inspecao, resultado_inspecao, observacoes ) VALUES (22, 22, '2012-07-11', 'Reprovado', 'A inspeção dos equipamentos revelou desgaste significativo em algumas peças críticas');
INSERT INTO inspecoes (pk_ID_inspecao, ID_peca_inspecionada, data_inspecao, resultado_inspecao, observacoes ) VALUES (23, 23, '2013-03-30', 'Aprovado', 'Durante a inspeção ficou evidente que os padrões de fabricação foram rigorosamente seguidos');
INSERT INTO inspecoes (pk_ID_inspecao, ID_peca_inspecionada, data_inspecao, resultado_inspecao, observacoes ) VALUES (24, 24, '2014-10-11', 'Reprovado', 'A inspeção dos equipamentos revelou desgaste significativo em algumas peças críticas');
INSERT INTO inspecoes (pk_ID_inspecao, ID_peca_inspecionada, data_inspecao, resultado_inspecao, observacoes ) VALUES (25, 25, '2020-09-14', 'Aprovado', 'Durante a inspeção ficou evidente que os padrões de fabricação foram rigorosamente seguidos');
INSERT INTO inspecoes (pk_ID_inspecao, ID_peca_inspecionada, data_inspecao, resultado_inspecao, observacoes ) VALUES (26, 26, '2018-08-02', 'Reprovado', 'A inspeção dos equipamentos revelou desgaste significativo em algumas peças críticas');
INSERT INTO inspecoes (pk_ID_inspecao, ID_peca_inspecionada, data_inspecao, resultado_inspecao, observacoes ) VALUES (27, 27, '2019-09-13', 'Aprovado', 'Durante a inspeção ficou evidente que os padrões de fabricação foram rigorosamente seguidos');
INSERT INTO inspecoes (pk_ID_inspecao, ID_peca_inspecionada, data_inspecao, resultado_inspecao, observacoes ) VALUES (28, 28, '2019-03-17', 'Reprovado', 'A inspeção dos equipamentos revelou desgaste significativo em algumas peças críticas');
INSERT INTO inspecoes (pk_ID_inspecao, ID_peca_inspecionada, data_inspecao, resultado_inspecao, observacoes ) VALUES (29, 29, '2011-05-15', 'Aprovado', 'Durante a inspeção ficou evidente que os padrões de fabricação foram rigorosamente seguidos');
INSERT INTO inspecoes (pk_ID_inspecao, ID_peca_inspecionada, data_inspecao, resultado_inspecao, observacoes ) VALUES (30, 30, '2012-08-15', 'Reprovado', 'A inspeção dos equipamentos revelou desgaste significativo em algumas peças críticas');
INSERT INTO inspecoes (pk_ID_inspecao, ID_peca_inspecionada, data_inspecao, resultado_inspecao, observacoes ) VALUES (31, 31, '2017-09-12', 'Aprovado', 'Durante a inspeção ficou evidente que os padrões de fabricação foram rigorosamente seguidos');
INSERT INTO inspecoes (pk_ID_inspecao, ID_peca_inspecionada, data_inspecao, resultado_inspecao, observacoes ) VALUES (32, 32, '2015-11-01', 'Reprovado', 'A inspeção dos equipamentos revelou desgaste significativo em algumas peças críticas');
INSERT INTO inspecoes (pk_ID_inspecao, ID_peca_inspecionada, data_inspecao, resultado_inspecao, observacoes ) VALUES (33, 33, '2015-05-15', 'Aprovado', 'Durante a inspeção ficou evidente que os padrões de fabricação foram rigorosamente seguidos');
INSERT INTO inspecoes (pk_ID_inspecao, ID_peca_inspecionada, data_inspecao, resultado_inspecao, observacoes ) VALUES (34, 34, '2015-06-14', 'Reprovado', 'A inspeção dos equipamentos revelou desgaste significativo em algumas peças críticas');
INSERT INTO inspecoes (pk_ID_inspecao, ID_peca_inspecionada, data_inspecao, resultado_inspecao, observacoes ) VALUES (35, 35, '2015-04-12', 'Aprovado', 'Durante a inspeção ficou evidente que os padrões de fabricação foram rigorosamente seguidos');
INSERT INTO inspecoes (pk_ID_inspecao, ID_peca_inspecionada, data_inspecao, resultado_inspecao, observacoes ) VALUES (36, 36, '2014-06-01', 'Reprovado', 'A inspeção dos equipamentos revelou desgaste significativo em algumas peças críticas');
INSERT INTO inspecoes (pk_ID_inspecao, ID_peca_inspecionada, data_inspecao, resultado_inspecao, observacoes ) VALUES (37, 37, '2014-09-22', 'Aprovado', 'Durante a inspeção ficou evidente que os padrões de fabricação foram rigorosamente seguidos');
INSERT INTO inspecoes (pk_ID_inspecao, ID_peca_inspecionada, data_inspecao, resultado_inspecao, observacoes ) VALUES (38, 38, '2016-09-27', 'Reprovado', 'A inspeção dos equipamentos revelou desgaste significativo em algumas peças críticas');
INSERT INTO inspecoes (pk_ID_inspecao, ID_peca_inspecionada, data_inspecao, resultado_inspecao, observacoes ) VALUES (39, 39, '2019-02-24', 'Aprovado', 'Durante a inspeção ficou evidente que os padrões de fabricação foram rigorosamente seguidos');
INSERT INTO inspecoes (pk_ID_inspecao, ID_peca_inspecionada, data_inspecao, resultado_inspecao, observacoes ) VALUES (40, 40, '2015-05-17', 'Reprovado', 'A inspeção dos equipamentos revelou desgaste significativo em algumas peças críticas');
INSERT INTO inspecoes (pk_ID_inspecao, ID_peca_inspecionada, data_inspecao, resultado_inspecao, observacoes ) VALUES (41, 41, '2019-02-17', 'Aprovado', 'Durante a inspeção ficou evidente que os padrões de fabricação foram rigorosamente seguidos');
INSERT INTO inspecoes (pk_ID_inspecao, ID_peca_inspecionada, data_inspecao, resultado_inspecao, observacoes ) VALUES (42, 42, '2016-04-12', 'Reprovado', 'A inspeção dos equipamentos revelou desgaste significativo em algumas peças críticas');
INSERT INTO inspecoes (pk_ID_inspecao, ID_peca_inspecionada, data_inspecao, resultado_inspecao, observacoes ) VALUES (43, 43, '2017-04-29', 'Aprovado', 'Durante a inspeção ficou evidente que os padrões de fabricação foram rigorosamente seguidos');
INSERT INTO inspecoes (pk_ID_inspecao, ID_peca_inspecionada, data_inspecao, resultado_inspecao, observacoes ) VALUES (44, 44, '2014-03-30', 'Reprovado', 'A inspeção dos equipamentos revelou desgaste significativo em algumas peças críticas');
INSERT INTO inspecoes (pk_ID_inspecao, ID_peca_inspecionada, data_inspecao, resultado_inspecao, observacoes ) VALUES (45, 45, '2015-11-23', 'Aprovado', 'Durante a inspeção ficou evidente que os padrões de fabricação foram rigorosamente seguidos');
INSERT INTO inspecoes (pk_ID_inspecao, ID_peca_inspecionada, data_inspecao, resultado_inspecao, observacoes ) VALUES (46, 46, '2013-02-03', 'Reprovado', 'A inspeção dos equipamentos revelou desgaste significativo em algumas peças críticas');
INSERT INTO inspecoes (pk_ID_inspecao, ID_peca_inspecionada, data_inspecao, resultado_inspecao, observacoes ) VALUES (47, 47, '2014-01-22', 'Aprovado', 'Durante a inspeção ficou evidente que os padrões de fabricação foram rigorosamente seguidos');
INSERT INTO inspecoes (pk_ID_inspecao, ID_peca_inspecionada, data_inspecao, resultado_inspecao, observacoes ) VALUES (48, 48, '2020-06-24', 'Reprovado', 'A inspeção dos equipamentos revelou desgaste significativo em algumas peças críticas');
INSERT INTO inspecoes (pk_ID_inspecao, ID_peca_inspecionada, data_inspecao, resultado_inspecao, observacoes ) VALUES (49, 49, '2019-10-24', 'Aprovado', 'Durante a inspeção ficou evidente que os padrões de fabricação foram rigorosamente seguidos');
INSERT INTO inspecoes (pk_ID_inspecao, ID_peca_inspecionada, data_inspecao, resultado_inspecao, observacoes ) VALUES (50, 50, '2015-01-26', 'Reprovado', 'A inspeção dos equipamentos revelou desgaste significativo em algumas peças críticas');
INSERT INTO inspecoes (pk_ID_inspecao, ID_peca_inspecionada, data_inspecao, resultado_inspecao, observacoes ) VALUES (51, 51, '2013-08-01', 'Aprovado', 'Durante a inspeção ficou evidente que os padrões de fabricação foram rigorosamente seguidos');
INSERT INTO inspecoes (pk_ID_inspecao, ID_peca_inspecionada, data_inspecao, resultado_inspecao, observacoes ) VALUES (52, 52, '2015-03-17', 'Reprovado', 'A inspeção dos equipamentos revelou desgaste significativo em algumas peças críticas');
INSERT INTO inspecoes (pk_ID_inspecao, ID_peca_inspecionada, data_inspecao, resultado_inspecao, observacoes ) VALUES (53, 53, '2015-02-23', 'Aprovado', 'Durante a inspeção ficou evidente que os padrões de fabricação foram rigorosamente seguidos');
INSERT INTO inspecoes (pk_ID_inspecao, ID_peca_inspecionada, data_inspecao, resultado_inspecao, observacoes ) VALUES (54, 54, '2014-08-24', 'Reprovado', 'A inspeção dos equipamentos revelou desgaste significativo em algumas peças críticas');
INSERT INTO inspecoes (pk_ID_inspecao, ID_peca_inspecionada, data_inspecao, resultado_inspecao, observacoes ) VALUES (55, 55, '2013-05-30', 'Aprovado', 'Durante a inspeção ficou evidente que os padrões de fabricação foram rigorosamente seguidos');
INSERT INTO inspecoes (pk_ID_inspecao, ID_peca_inspecionada, data_inspecao, resultado_inspecao, observacoes ) VALUES (56, 56, '2019-03-30', 'Reprovado', 'A inspeção dos equipamentos revelou desgaste significativo em algumas peças críticas');
INSERT INTO inspecoes (pk_ID_inspecao, ID_peca_inspecionada, data_inspecao, resultado_inspecao, observacoes ) VALUES (57, 57, '2018-10-09', 'Aprovado', 'Durante a inspeção ficou evidente que os padrões de fabricação foram rigorosamente seguidos');
INSERT INTO inspecoes (pk_ID_inspecao, ID_peca_inspecionada, data_inspecao, resultado_inspecao, observacoes ) VALUES (58, 58, '2021-08-08', 'Reprovado', 'A inspeção dos equipamentos revelou desgaste significativo em algumas peças críticas');
INSERT INTO inspecoes (pk_ID_inspecao, ID_peca_inspecionada, data_inspecao, resultado_inspecao, observacoes ) VALUES (59, 59, '2019-03-05', 'Aprovado', 'Durante a inspeção ficou evidente que os padrões de fabricação foram rigorosamente seguidos');
INSERT INTO inspecoes (pk_ID_inspecao, ID_peca_inspecionada, data_inspecao, resultado_inspecao, observacoes ) VALUES (60, 60, '2011-11-09', 'Reprovado', 'A inspeção dos equipamentos revelou desgaste significativo em algumas peças críticas');
INSERT INTO inspecoes (pk_ID_inspecao, ID_peca_inspecionada, data_inspecao, resultado_inspecao, observacoes ) VALUES (61, 61, '2018-10-06', 'Aprovado', 'Durante a inspeção ficou evidente que os padrões de fabricação foram rigorosamente seguidos');
INSERT INTO inspecoes (pk_ID_inspecao, ID_peca_inspecionada, data_inspecao, resultado_inspecao, observacoes ) VALUES (62, 62, '2016-06-14', 'Reprovado', 'A inspeção dos equipamentos revelou desgaste significativo em algumas peças críticas');
INSERT INTO inspecoes (pk_ID_inspecao, ID_peca_inspecionada, data_inspecao, resultado_inspecao, observacoes ) VALUES (63, 63, '2020-03-12', 'Aprovado', 'Durante a inspeção ficou evidente que os padrões de fabricação foram rigorosamente seguidos');
INSERT INTO inspecoes (pk_ID_inspecao, ID_peca_inspecionada, data_inspecao, resultado_inspecao, observacoes ) VALUES (64, 64, '2012-09-29', 'Reprovado', 'A inspeção dos equipamentos revelou desgaste significativo em algumas peças críticas');
INSERT INTO inspecoes (pk_ID_inspecao, ID_peca_inspecionada, data_inspecao, resultado_inspecao, observacoes ) VALUES (65, 65, '2019-07-24', 'Aprovado', 'Durante a inspeção ficou evidente que os padrões de fabricação foram rigorosamente seguidos');
INSERT INTO inspecoes (pk_ID_inspecao, ID_peca_inspecionada, data_inspecao, resultado_inspecao, observacoes ) VALUES (66, 66, '2016-08-24', 'Reprovado', 'A inspeção dos equipamentos revelou desgaste significativo em algumas peças críticas');
INSERT INTO inspecoes (pk_ID_inspecao, ID_peca_inspecionada, data_inspecao, resultado_inspecao, observacoes ) VALUES (67, 67, '2011-02-23', 'Aprovado', 'Durante a inspeção ficou evidente que os padrões de fabricação foram rigorosamente seguidos');
INSERT INTO inspecoes (pk_ID_inspecao, ID_peca_inspecionada, data_inspecao, resultado_inspecao, observacoes ) VALUES (68, 68, '2022-09-15', 'Reprovado', 'A inspeção dos equipamentos revelou desgaste significativo em algumas peças críticas');
INSERT INTO inspecoes (pk_ID_inspecao, ID_peca_inspecionada, data_inspecao, resultado_inspecao, observacoes ) VALUES (69, 69, '2021-06-12', 'Aprovado', 'Durante a inspeção ficou evidente que os padrões de fabricação foram rigorosamente seguidos');
INSERT INTO inspecoes (pk_ID_inspecao, ID_peca_inspecionada, data_inspecao, resultado_inspecao, observacoes ) VALUES (70, 70, '2011-10-05', 'Reprovado', 'A inspeção dos equipamentos revelou desgaste significativo em algumas peças críticas');
INSERT INTO inspecoes (pk_ID_inspecao, ID_peca_inspecionada, data_inspecao, resultado_inspecao, observacoes ) VALUES (71, 71, '2013-07-30', 'Aprovado', 'Durante a inspeção ficou evidente que os padrões de fabricação foram rigorosamente seguidos');
INSERT INTO inspecoes (pk_ID_inspecao, ID_peca_inspecionada, data_inspecao, resultado_inspecao, observacoes ) VALUES (72, 72, '2021-09-14', 'Reprovado', 'A inspeção dos equipamentos revelou desgaste significativo em algumas peças críticas');
INSERT INTO inspecoes (pk_ID_inspecao, ID_peca_inspecionada, data_inspecao, resultado_inspecao, observacoes ) VALUES (73, 73, '2013-02-11', 'Aprovado', 'Durante a inspeção ficou evidente que os padrões de fabricação foram rigorosamente seguidos');
INSERT INTO inspecoes (pk_ID_inspecao, ID_peca_inspecionada, data_inspecao, resultado_inspecao, observacoes ) VALUES (74, 74, '2021-04-25', 'Reprovado', 'A inspeção dos equipamentos revelou desgaste significativo em algumas peças críticas');
INSERT INTO inspecoes (pk_ID_inspecao, ID_peca_inspecionada, data_inspecao, resultado_inspecao, observacoes ) VALUES (75, 75, '2019-10-21', 'Aprovado', 'Durante a inspeção ficou evidente que os padrões de fabricação foram rigorosamente seguidos');
INSERT INTO inspecoes (pk_ID_inspecao, ID_peca_inspecionada, data_inspecao, resultado_inspecao, observacoes ) VALUES (76, 76, '2018-10-26', 'Reprovado', 'A inspeção dos equipamentos revelou desgaste significativo em algumas peças críticas');
INSERT INTO inspecoes (pk_ID_inspecao, ID_peca_inspecionada, data_inspecao, resultado_inspecao, observacoes ) VALUES (77, 77, '2018-08-14', 'Aprovado', 'Durante a inspeção ficou evidente que os padrões de fabricação foram rigorosamente seguidos');
INSERT INTO inspecoes (pk_ID_inspecao, ID_peca_inspecionada, data_inspecao, resultado_inspecao, observacoes ) VALUES (78, 78, '2016-07-24', 'Reprovado', 'A inspeção dos equipamentos revelou desgaste significativo em algumas peças críticas');
INSERT INTO inspecoes (pk_ID_inspecao, ID_peca_inspecionada, data_inspecao, resultado_inspecao, observacoes ) VALUES (79, 79, '2011-02-08', 'Aprovado', 'Durante a inspeção ficou evidente que os padrões de fabricação foram rigorosamente seguidos');
INSERT INTO inspecoes (pk_ID_inspecao, ID_peca_inspecionada, data_inspecao, resultado_inspecao, observacoes ) VALUES (80, 80, '2016-01-05', 'Reprovado', 'A inspeção dos equipamentos revelou desgaste significativo em algumas peças críticas');
INSERT INTO inspecoes (pk_ID_inspecao, ID_peca_inspecionada, data_inspecao, resultado_inspecao, observacoes ) VALUES (81, 81, '2021-12-27', 'Aprovado', 'Durante a inspeção ficou evidente que os padrões de fabricação foram rigorosamente seguidos');
INSERT INTO inspecoes (pk_ID_inspecao, ID_peca_inspecionada, data_inspecao, resultado_inspecao, observacoes ) VALUES (82, 82, '2021-11-08', 'Reprovado', 'A inspeção dos equipamentos revelou desgaste significativo em algumas peças críticas');
INSERT INTO inspecoes (pk_ID_inspecao, ID_peca_inspecionada, data_inspecao, resultado_inspecao, observacoes ) VALUES (83, 83, '2019-04-07', 'Aprovado', 'Durante a inspeção ficou evidente que os padrões de fabricação foram rigorosamente seguidos');
INSERT INTO inspecoes (pk_ID_inspecao, ID_peca_inspecionada, data_inspecao, resultado_inspecao, observacoes ) VALUES (84, 84, '2016-09-11', 'Reprovado', 'A inspeção dos equipamentos revelou desgaste significativo em algumas peças críticas');
INSERT INTO inspecoes (pk_ID_inspecao, ID_peca_inspecionada, data_inspecao, resultado_inspecao, observacoes ) VALUES (85, 85, '2012-02-25', 'Aprovado', 'Durante a inspeção ficou evidente que os padrões de fabricação foram rigorosamente seguidos');
INSERT INTO inspecoes (pk_ID_inspecao, ID_peca_inspecionada, data_inspecao, resultado_inspecao, observacoes ) VALUES (86, 86, '2011-10-31', 'Reprovado', 'A inspeção dos equipamentos revelou desgaste significativo em algumas peças críticas');
INSERT INTO inspecoes (pk_ID_inspecao, ID_peca_inspecionada, data_inspecao, resultado_inspecao, observacoes ) VALUES (87, 87, '2014-09-28', 'Aprovado', 'Durante a inspeção ficou evidente que os padrões de fabricação foram rigorosamente seguidos');
INSERT INTO inspecoes (pk_ID_inspecao, ID_peca_inspecionada, data_inspecao, resultado_inspecao, observacoes ) VALUES (88, 88, '2013-11-27', 'Reprovado', 'A inspeção dos equipamentos revelou desgaste significativo em algumas peças críticas');
INSERT INTO inspecoes (pk_ID_inspecao, ID_peca_inspecionada, data_inspecao, resultado_inspecao, observacoes ) VALUES (89, 89, '2017-12-31', 'Aprovado', 'Durante a inspeção ficou evidente que os padrões de fabricação foram rigorosamente seguidos');
INSERT INTO inspecoes (pk_ID_inspecao, ID_peca_inspecionada, data_inspecao, resultado_inspecao, observacoes ) VALUES (90, 90, '2015-09-21', 'Reprovado', 'A inspeção dos equipamentos revelou desgaste significativo em algumas peças críticas');
INSERT INTO inspecoes (pk_ID_inspecao, ID_peca_inspecionada, data_inspecao, resultado_inspecao, observacoes ) VALUES (91, 91, '2020-11-09', 'Aprovado', 'Durante a inspeção ficou evidente que os padrões de fabricação foram rigorosamente seguidos');
INSERT INTO inspecoes (pk_ID_inspecao, ID_peca_inspecionada, data_inspecao, resultado_inspecao, observacoes ) VALUES (92, 92, '2016-02-02', 'Reprovado', 'A inspeção dos equipamentos revelou desgaste significativo em algumas peças críticas');
INSERT INTO inspecoes (pk_ID_inspecao, ID_peca_inspecionada, data_inspecao, resultado_inspecao, observacoes ) VALUES (93, 93, '2012-04-05', 'Aprovado', 'Durante a inspeção ficou evidente que os padrões de fabricação foram rigorosamente seguidos');
INSERT INTO inspecoes (pk_ID_inspecao, ID_peca_inspecionada, data_inspecao, resultado_inspecao, observacoes ) VALUES (94, 94, '2011-01-13', 'Reprovado', 'A inspeção dos equipamentos revelou desgaste significativo em algumas peças críticas');
INSERT INTO inspecoes (pk_ID_inspecao, ID_peca_inspecionada, data_inspecao, resultado_inspecao, observacoes ) VALUES (95, 95, '2014-09-04', 'Aprovado', 'Durante a inspeção ficou evidente que os padrões de fabricação foram rigorosamente seguidos');
INSERT INTO inspecoes (pk_ID_inspecao, ID_peca_inspecionada, data_inspecao, resultado_inspecao, observacoes ) VALUES (96, 96, '2013-11-05', 'Reprovado', 'A inspeção dos equipamentos revelou desgaste significativo em algumas peças críticas');
INSERT INTO inspecoes (pk_ID_inspecao, ID_peca_inspecionada, data_inspecao, resultado_inspecao, observacoes ) VALUES (97, 97, '2017-12-03', 'Aprovado', 'Durante a inspeção ficou evidente que os padrões de fabricação foram rigorosamente seguidos');
INSERT INTO inspecoes (pk_ID_inspecao, ID_peca_inspecionada, data_inspecao, resultado_inspecao, observacoes ) VALUES (98, 98, '2015-09-23', 'Reprovado', 'A inspeção dos equipamentos revelou desgaste significativo em algumas peças críticas');
INSERT INTO inspecoes (pk_ID_inspecao, ID_peca_inspecionada, data_inspecao, resultado_inspecao, observacoes ) VALUES (99, 99, '2020-11-25', 'Aprovado', 'Durante a inspeção ficou evidente que os padrões de fabricação foram rigorosamente seguidos');
INSERT INTO inspecoes (pk_ID_inspecao, ID_peca_inspecionada, data_inspecao, resultado_inspecao, observacoes ) VALUES (100, 100, '2016-02-14', 'Reprovado', 'A inspeção dos equipamentos revelou desgaste significativo em algumas peças críticas');

SELECT * FROM inspecoes;

-- -----------------------------------------------------------------------------------------------------------------------------------
INSERT INTO rejeicoes (pk_ID_rejeicao, ID_peca_rejeitada, motivo_rejeicao, data_rejeicao, acoes_corretivas) VALUES (1, 1, 'Qualidade insatisfatória', '2020-08-22', 'Modificação de Produtos ou Componentes');
INSERT INTO rejeicoes (pk_ID_rejeicao, ID_peca_rejeitada, motivo_rejeicao, data_rejeicao, acoes_corretivas) VALUES (2, 2, 'Problemas de segurança', '2021-08-30', 'Melhoria de Processos');
INSERT INTO rejeicoes (pk_ID_rejeicao, ID_peca_rejeitada, motivo_rejeicao, data_rejeicao, acoes_corretivas) VALUES (3, 3, 'Problemas de documentação', '2016-06-20', 'Revisão de Procedimentos Operacionais');
INSERT INTO rejeicoes (pk_ID_rejeicao, ID_peca_rejeitada, motivo_rejeicao, data_rejeicao, acoes_corretivas) VALUES (4, 4, 'Inconsistência', '2018-05-06', 'Monitoramento Contínuo');
INSERT INTO rejeicoes (pk_ID_rejeicao, ID_peca_rejeitada, motivo_rejeicao, data_rejeicao, acoes_corretivas) VALUES (5, 5, 'Custo excessivo', '2017-03-23', 'Modificação de Produtos ou Componentes');
INSERT INTO rejeicoes (pk_ID_rejeicao, ID_peca_rejeitada, motivo_rejeicao, data_rejeicao, acoes_corretivas) VALUES (6, 6, 'Qualidade insatisfatória', '2013-03-13', 'Modificação de Produtos ou Componentes');
INSERT INTO rejeicoes (pk_ID_rejeicao, ID_peca_rejeitada, motivo_rejeicao, data_rejeicao, acoes_corretivas) VALUES (7, 7, 'Problemas de segurança', '2019-01-17', 'Monitoramento Contínuo');
INSERT INTO rejeicoes (pk_ID_rejeicao, ID_peca_rejeitada, motivo_rejeicao, data_rejeicao, acoes_corretivas) VALUES (8, 8, 'Problemas de documentação', '2019-12-06', 'Monitoramento Contínuo');
INSERT INTO rejeicoes (pk_ID_rejeicao, ID_peca_rejeitada, motivo_rejeicao, data_rejeicao, acoes_corretivas) VALUES (9, 9, 'Inconsistência', '2012-05-26', 'Modificação de Produtos ou Componentes');
INSERT INTO rejeicoes (pk_ID_rejeicao, ID_peca_rejeitada, motivo_rejeicao, data_rejeicao, acoes_corretivas) VALUES (10, 10, 'Custo excessivo', '2016-03-07', 'Melhoria de Processos');
INSERT INTO rejeicoes (pk_ID_rejeicao, ID_peca_rejeitada, motivo_rejeicao, data_rejeicao, acoes_corretivas) VALUES (11, 11, 'Qualidade insatisfatória', '2015-09-21', 'Monitoramento Contínuo');
INSERT INTO rejeicoes (pk_ID_rejeicao, ID_peca_rejeitada, motivo_rejeicao, data_rejeicao, acoes_corretivas) VALUES (12, 12, 'Problemas de segurança', '2021-11-19', 'Monitoramento Contínuo');
INSERT INTO rejeicoes (pk_ID_rejeicao, ID_peca_rejeitada, motivo_rejeicao, data_rejeicao, acoes_corretivas) VALUES (13, 13, 'Problemas de documentação', '2013-12-11', 'Monitoramento Contínuo');
INSERT INTO rejeicoes (pk_ID_rejeicao, ID_peca_rejeitada, motivo_rejeicao, data_rejeicao, acoes_corretivas) VALUES (14, 14, 'Inconsistência', '2015-08-31', 'Melhoria de Processos');
INSERT INTO rejeicoes (pk_ID_rejeicao, ID_peca_rejeitada, motivo_rejeicao, data_rejeicao, acoes_corretivas) VALUES (15, 15, 'Custo excessivo', '2013-05-22', 'Revisão de Procedimentos Operacionais');
INSERT INTO rejeicoes (pk_ID_rejeicao, ID_peca_rejeitada, motivo_rejeicao, data_rejeicao, acoes_corretivas) VALUES (16, 16, 'Qualidade insatisfatória', '2021-02-19', 'Monitoramento Contínuo');
INSERT INTO rejeicoes (pk_ID_rejeicao, ID_peca_rejeitada, motivo_rejeicao, data_rejeicao, acoes_corretivas) VALUES (17, 17, 'Problemas de segurança', '2018-09-03', 'Monitoramento Contínuo');
INSERT INTO rejeicoes (pk_ID_rejeicao, ID_peca_rejeitada, motivo_rejeicao, data_rejeicao, acoes_corretivas) VALUES (18, 18, 'Problemas de documentação', '2022-01-20', 'Melhoria de Processos');
INSERT INTO rejeicoes (pk_ID_rejeicao, ID_peca_rejeitada, motivo_rejeicao, data_rejeicao, acoes_corretivas) VALUES (19, 19, 'Inconsistência', '2021-12-10', 'Monitoramento Contínuo');
INSERT INTO rejeicoes (pk_ID_rejeicao, ID_peca_rejeitada, motivo_rejeicao, data_rejeicao, acoes_corretivas) VALUES (20, 20, 'Custo excessivo', '2017-01-25', 'Modificação de Produtos ou Componentes');
INSERT INTO rejeicoes (pk_ID_rejeicao, ID_peca_rejeitada, motivo_rejeicao, data_rejeicao, acoes_corretivas) VALUES (21, 21, 'Qualidade insatisfatória', '2021-01-05', 'Modificação de Produtos ou Componentes');
INSERT INTO rejeicoes (pk_ID_rejeicao, ID_peca_rejeitada, motivo_rejeicao, data_rejeicao, acoes_corretivas) VALUES (22, 22, 'Problemas de segurança', '2021-05-16', 'Monitoramento Contínuo');
INSERT INTO rejeicoes (pk_ID_rejeicao, ID_peca_rejeitada, motivo_rejeicao, data_rejeicao, acoes_corretivas) VALUES (23, 23, 'Problemas de documentação', '2013-10-11', 'Revisão de Procedimentos Operacionais');
INSERT INTO rejeicoes (pk_ID_rejeicao, ID_peca_rejeitada, motivo_rejeicao, data_rejeicao, acoes_corretivas) VALUES (24, 24, 'Inconsistência', '2021-01-27', 'Modificação de Produtos ou Componentes');
INSERT INTO rejeicoes (pk_ID_rejeicao, ID_peca_rejeitada, motivo_rejeicao, data_rejeicao, acoes_corretivas) VALUES (25, 25, 'Custo excessivo', '2019-11-27', 'Revisão de Procedimentos Operacionais');
INSERT INTO rejeicoes (pk_ID_rejeicao, ID_peca_rejeitada, motivo_rejeicao, data_rejeicao, acoes_corretivas) VALUES (26, 26, 'Qualidade insatisfatória', '2017-08-15', 'Melhoria de Processos');
INSERT INTO rejeicoes (pk_ID_rejeicao, ID_peca_rejeitada, motivo_rejeicao, data_rejeicao, acoes_corretivas) VALUES (27, 27, 'Problemas de segurança', '2015-02-13', 'Melhoria de Processos');
INSERT INTO rejeicoes (pk_ID_rejeicao, ID_peca_rejeitada, motivo_rejeicao, data_rejeicao, acoes_corretivas) VALUES (28, 28, 'Problemas de documentação', '2017-02-11', 'Modificação de Produtos ou Componentes');
INSERT INTO rejeicoes (pk_ID_rejeicao, ID_peca_rejeitada, motivo_rejeicao, data_rejeicao, acoes_corretivas) VALUES (29, 29, 'Inconsistência', '2017-08-27', 'Monitoramento Contínuo');
INSERT INTO rejeicoes (pk_ID_rejeicao, ID_peca_rejeitada, motivo_rejeicao, data_rejeicao, acoes_corretivas) VALUES (30, 30, 'Custo excessivo', '2019-02-25', 'Revisão de Procedimentos Operacionais');
INSERT INTO rejeicoes (pk_ID_rejeicao, ID_peca_rejeitada, motivo_rejeicao, data_rejeicao, acoes_corretivas) VALUES (31, 31, 'Qualidade insatisfatória', '2021-01-18', 'Monitoramento Contínuo');
INSERT INTO rejeicoes (pk_ID_rejeicao, ID_peca_rejeitada, motivo_rejeicao, data_rejeicao, acoes_corretivas) VALUES (32, 32, 'Problemas de segurança', '2019-07-01', 'Revisão de Procedimentos Operacionais');
INSERT INTO rejeicoes (pk_ID_rejeicao, ID_peca_rejeitada, motivo_rejeicao, data_rejeicao, acoes_corretivas) VALUES (33, 33, 'Problemas de documentação', '2019-03-24', 'Monitoramento Contínuo');
INSERT INTO rejeicoes (pk_ID_rejeicao, ID_peca_rejeitada, motivo_rejeicao, data_rejeicao, acoes_corretivas) VALUES (34, 34, 'Inconsistência', '2022-01-16', 'Revisão de Procedimentos Operacionais');
INSERT INTO rejeicoes (pk_ID_rejeicao, ID_peca_rejeitada, motivo_rejeicao, data_rejeicao, acoes_corretivas) VALUES (35, 35, 'Custo excessivo', '2021-05-18', 'Modificação de Produtos ou Componentes');
INSERT INTO rejeicoes (pk_ID_rejeicao, ID_peca_rejeitada, motivo_rejeicao, data_rejeicao, acoes_corretivas) VALUES (36, 36, 'Qualidade insatisfatória', '2017-07-21', 'Monitoramento Contínuo');
INSERT INTO rejeicoes (pk_ID_rejeicao, ID_peca_rejeitada, motivo_rejeicao, data_rejeicao, acoes_corretivas) VALUES (37, 37, 'Problemas de segurança', '2018-11-24', 'Monitoramento Contínuo');
INSERT INTO rejeicoes (pk_ID_rejeicao, ID_peca_rejeitada, motivo_rejeicao, data_rejeicao, acoes_corretivas) VALUES (38, 38, 'Problemas de documentação', '2022-02-21', 'Monitoramento Contínuo');
INSERT INTO rejeicoes (pk_ID_rejeicao, ID_peca_rejeitada, motivo_rejeicao, data_rejeicao, acoes_corretivas) VALUES (39, 39, 'Inconsistência', '2017-07-10', 'Revisão de Procedimentos Operacionais');
INSERT INTO rejeicoes (pk_ID_rejeicao, ID_peca_rejeitada, motivo_rejeicao, data_rejeicao, acoes_corretivas) VALUES (40, 40, 'Custo excessivo', '2017-05-08', 'Monitoramento Contínuo');
INSERT INTO rejeicoes (pk_ID_rejeicao, ID_peca_rejeitada, motivo_rejeicao, data_rejeicao, acoes_corretivas) VALUES (41, 41, 'Qualidade insatisfatória', '2021-07-06', 'Melhoria de Processos');
INSERT INTO rejeicoes (pk_ID_rejeicao, ID_peca_rejeitada, motivo_rejeicao, data_rejeicao, acoes_corretivas) VALUES (42, 42, 'Problemas de segurança', '2019-03-28', 'Modificação de Produtos ou Componentes');
INSERT INTO rejeicoes (pk_ID_rejeicao, ID_peca_rejeitada, motivo_rejeicao, data_rejeicao, acoes_corretivas) VALUES (43, 43, 'Problemas de documentação', '2016-05-05', 'Melhoria de Processos');
INSERT INTO rejeicoes (pk_ID_rejeicao, ID_peca_rejeitada, motivo_rejeicao, data_rejeicao, acoes_corretivas) VALUES (44, 44, 'Inconsistência', '2014-12-10', 'Melhoria de Processos');
INSERT INTO rejeicoes (pk_ID_rejeicao, ID_peca_rejeitada, motivo_rejeicao, data_rejeicao, acoes_corretivas) VALUES (45, 45, 'Custo excessivo', '2014-12-18', 'Revisão de Procedimentos Operacionais');

SELECT * FROM rejeicoes;

-- -----------------------------------------------------------------------------------------------------------------------------------
INSERT INTO aceitacoes (pk_ID_aceitacao, ID_peca_aceita, data_aceitacao, destino_peca, observacoes) VALUES (46, 46, '2019-09-07', 'Armazenamento em estoque', 'Não há riscos');
INSERT INTO aceitacoes (pk_ID_aceitacao, ID_peca_aceita, data_aceitacao, destino_peca, observacoes) VALUES (47, 47, '2019-08-28', 'Envio para distribuição', 'Peça substituída');
INSERT INTO aceitacoes (pk_ID_aceitacao, ID_peca_aceita, data_aceitacao, destino_peca, observacoes) VALUES (48, 48, '2018-03-27', 'Uso em reparos futuros', 'Expectativas superadas');
INSERT INTO aceitacoes (pk_ID_aceitacao, ID_peca_aceita, data_aceitacao, destino_peca, observacoes) VALUES (49, 49, '2017-11-04', 'Devolução ao fornecedor', 'Não há riscos');
INSERT INTO aceitacoes (pk_ID_aceitacao, ID_peca_aceita, data_aceitacao, destino_peca, observacoes) VALUES (50, 50, '2021-12-07', 'Armazenamento em estoque', 'Desempenho positivo');
INSERT INTO aceitacoes (pk_ID_aceitacao, ID_peca_aceita, data_aceitacao, destino_peca, observacoes) VALUES (51, 51, '2020-05-29', 'Envio para distribuição', 'Não há riscos');
INSERT INTO aceitacoes (pk_ID_aceitacao, ID_peca_aceita, data_aceitacao, destino_peca, observacoes) VALUES (52, 52, '2020-06-19', 'Uso em reparos futuros', 'Expectativas superadas');
INSERT INTO aceitacoes (pk_ID_aceitacao, ID_peca_aceita, data_aceitacao, destino_peca, observacoes) VALUES (53, 53, '2011-11-29', 'Devolução ao fornecedor', 'Não há irregularidades');
INSERT INTO aceitacoes (pk_ID_aceitacao, ID_peca_aceita, data_aceitacao, destino_peca, observacoes) VALUES (54, 54, '2021-12-22', 'Armazenamento em estoque', 'Peça substituída');
INSERT INTO aceitacoes (pk_ID_aceitacao, ID_peca_aceita, data_aceitacao, destino_peca, observacoes) VALUES (55, 55, '2018-03-05', 'Envio para distribuição', 'Não há irregularidades');
INSERT INTO aceitacoes (pk_ID_aceitacao, ID_peca_aceita, data_aceitacao, destino_peca, observacoes) VALUES (56, 56, '2020-03-23', 'Uso em reparos futuros', 'Peça substituída');
INSERT INTO aceitacoes (pk_ID_aceitacao, ID_peca_aceita, data_aceitacao, destino_peca, observacoes) VALUES (57, 57, '2019-01-03', 'Devolução ao fornecedor', 'Não há irregularidades');
INSERT INTO aceitacoes (pk_ID_aceitacao, ID_peca_aceita, data_aceitacao, destino_peca, observacoes) VALUES (58, 58, '2022-07-31', 'Armazenamento em estoque', 'Cliente satisfeito');
INSERT INTO aceitacoes (pk_ID_aceitacao, ID_peca_aceita, data_aceitacao, destino_peca, observacoes) VALUES (59, 59, '2021-06-12', 'Envio para distribuição', 'Desempenho positivo');
INSERT INTO aceitacoes (pk_ID_aceitacao, ID_peca_aceita, data_aceitacao, destino_peca, observacoes) VALUES (60, 60, '2018-04-29', 'Uso em reparos futuros', 'Cliente satisfeito');
INSERT INTO aceitacoes (pk_ID_aceitacao, ID_peca_aceita, data_aceitacao, destino_peca, observacoes) VALUES (61, 61, '2014-11-06', 'Devolução ao fornecedor', 'Não há irregularidades');
INSERT INTO aceitacoes (pk_ID_aceitacao, ID_peca_aceita, data_aceitacao, destino_peca, observacoes) VALUES (62, 62, '2022-02-01', 'Armazenamento em estoque', 'Não há irregularidades');
INSERT INTO aceitacoes (pk_ID_aceitacao, ID_peca_aceita, data_aceitacao, destino_peca, observacoes) VALUES (63, 63, '2016-04-01', 'Envio para distribuição', 'Não há irregularidades');
INSERT INTO aceitacoes (pk_ID_aceitacao, ID_peca_aceita, data_aceitacao, destino_peca, observacoes) VALUES (64, 64, '2018-01-02', 'Uso em reparos futuros', 'Expectativas superadas');
INSERT INTO aceitacoes (pk_ID_aceitacao, ID_peca_aceita, data_aceitacao, destino_peca, observacoes) VALUES (65, 65, '2013-12-26', 'Devolução ao fornecedor', 'Peça substituída');
INSERT INTO aceitacoes (pk_ID_aceitacao, ID_peca_aceita, data_aceitacao, destino_peca, observacoes) VALUES (66, 66, '2019-06-26', 'Armazenamento em estoque', 'Cliente satisfeito');
INSERT INTO aceitacoes (pk_ID_aceitacao, ID_peca_aceita, data_aceitacao, destino_peca, observacoes) VALUES (67, 67, '2019-07-10', 'Envio para distribuição', 'Expectativas superadas');
INSERT INTO aceitacoes (pk_ID_aceitacao, ID_peca_aceita, data_aceitacao, destino_peca, observacoes) VALUES (68, 68, '2014-10-23', 'Uso em reparos futuros', 'Expectativas superadas');
INSERT INTO aceitacoes (pk_ID_aceitacao, ID_peca_aceita, data_aceitacao, destino_peca, observacoes) VALUES (69, 69, '2019-08-08', 'Devolução ao fornecedor', 'Expectativas superadas');
INSERT INTO aceitacoes (pk_ID_aceitacao, ID_peca_aceita, data_aceitacao, destino_peca, observacoes) VALUES (70, 70, '2021-11-19', 'Armazenamento em estoque', 'Peça substituída');
INSERT INTO aceitacoes (pk_ID_aceitacao, ID_peca_aceita, data_aceitacao, destino_peca, observacoes) VALUES (71, 71, '2016-03-20', 'Envio para distribuição', 'Não há riscos');
INSERT INTO aceitacoes (pk_ID_aceitacao, ID_peca_aceita, data_aceitacao, destino_peca, observacoes) VALUES (72, 72, '2014-04-28', 'Uso em reparos futuros', 'Desempenho positivo');
INSERT INTO aceitacoes (pk_ID_aceitacao, ID_peca_aceita, data_aceitacao, destino_peca, observacoes) VALUES (73, 73, '2017-07-27', 'Devolução ao fornecedor', 'Peça substituída');
INSERT INTO aceitacoes (pk_ID_aceitacao, ID_peca_aceita, data_aceitacao, destino_peca, observacoes) VALUES (74, 74, '2012-03-15', 'Armazenamento em estoque', 'Desempenho positivo');
INSERT INTO aceitacoes (pk_ID_aceitacao, ID_peca_aceita, data_aceitacao, destino_peca, observacoes) VALUES (75, 75, '2014-02-27', 'Envio para distribuição', 'Expectativas superadas');
INSERT INTO aceitacoes (pk_ID_aceitacao, ID_peca_aceita, data_aceitacao, destino_peca, observacoes) VALUES (76, 76, '2015-04-22', 'Uso em reparos futuros', 'Expectativas superadas');
INSERT INTO aceitacoes (pk_ID_aceitacao, ID_peca_aceita, data_aceitacao, destino_peca, observacoes) VALUES (77, 77, '2019-07-26', 'Devolução ao fornecedor', 'Cliente satisfeito');
INSERT INTO aceitacoes (pk_ID_aceitacao, ID_peca_aceita, data_aceitacao, destino_peca, observacoes) VALUES (78, 78, '2017-09-01', 'Armazenamento em estoque', 'Não há riscos');
INSERT INTO aceitacoes (pk_ID_aceitacao, ID_peca_aceita, data_aceitacao, destino_peca, observacoes) VALUES (79, 79, '2020-05-12', 'Envio para distribuição', 'Peça substituída');
INSERT INTO aceitacoes (pk_ID_aceitacao, ID_peca_aceita, data_aceitacao, destino_peca, observacoes) VALUES (80, 80, '2012-07-28', 'Uso em reparos futuros', 'Não há irregularidades');
INSERT INTO aceitacoes (pk_ID_aceitacao, ID_peca_aceita, data_aceitacao, destino_peca, observacoes) VALUES (81, 81, '2019-10-09', 'Devolução ao fornecedor', 'Desempenho positivo');
INSERT INTO aceitacoes (pk_ID_aceitacao, ID_peca_aceita, data_aceitacao, destino_peca, observacoes) VALUES (82, 82, '2016-11-20', 'Armazenamento em estoque', 'Peça substituída');
INSERT INTO aceitacoes (pk_ID_aceitacao, ID_peca_aceita, data_aceitacao, destino_peca, observacoes) VALUES (83, 83, '2020-05-07', 'Envio para distribuição', 'Expectativas superadas');
INSERT INTO aceitacoes (pk_ID_aceitacao, ID_peca_aceita, data_aceitacao, destino_peca, observacoes) VALUES (84, 84, '2019-02-28', 'Uso em reparos futuros', 'Não há irregularidades');
INSERT INTO aceitacoes (pk_ID_aceitacao, ID_peca_aceita, data_aceitacao, destino_peca, observacoes) VALUES (85, 85, '2019-09-14', 'Devolução ao fornecedor', 'Não há riscos');
INSERT INTO aceitacoes (pk_ID_aceitacao, ID_peca_aceita, data_aceitacao, destino_peca, observacoes) VALUES (86, 86, '2018-07-27', 'Armazenamento em estoque', 'Desempenho positivo');
INSERT INTO aceitacoes (pk_ID_aceitacao, ID_peca_aceita, data_aceitacao, destino_peca, observacoes) VALUES (87, 87, '2022-02-16', 'Envio para distribuição', 'Peça substituída');
INSERT INTO aceitacoes (pk_ID_aceitacao, ID_peca_aceita, data_aceitacao, destino_peca, observacoes) VALUES (88, 88, '2016-12-17', 'Uso em reparos futuros', 'Expectativas superadas');
INSERT INTO aceitacoes (pk_ID_aceitacao, ID_peca_aceita, data_aceitacao, destino_peca, observacoes) VALUES (89, 89, '2015-05-15', 'Devolução ao fornecedor', 'Expectativas superadas');
INSERT INTO aceitacoes (pk_ID_aceitacao, ID_peca_aceita, data_aceitacao, destino_peca, observacoes) VALUES (90, 90, '2019-03-07', 'Armazenamento em estoque', 'Não há riscos');

SELECT * FROM aceitacoes;

-- -----------------------------------------------------------------------------------------------------------------------------------
INSERT INTO materias_primas (pk_ID_materia_prima, descricao_materia_prima, fornecedor, qntd_estoque, data_ultima_compra) VALUES (1, 'Cobre (durável e maleável)', 'Fornecedor D', 76, '2022-04-18');
INSERT INTO materias_primas (pk_ID_materia_prima, descricao_materia_prima, fornecedor, qntd_estoque, data_ultima_compra) VALUES (2, 'Cobre (durável e maleável)', 'Fornecedor F', 75, '2020-01-04');
INSERT INTO materias_primas (pk_ID_materia_prima, descricao_materia_prima, fornecedor, qntd_estoque, data_ultima_compra) VALUES (3, 'Cobre (durável e maleável)', 'Fornecedor F', 85, '2021-07-26');
INSERT INTO materias_primas (pk_ID_materia_prima, descricao_materia_prima, fornecedor, qntd_estoque, data_ultima_compra) VALUES (4, 'Ferro (resistente e estável)', 'Fornecedor A', 42, '2021-01-19');
INSERT INTO materias_primas (pk_ID_materia_prima, descricao_materia_prima, fornecedor, qntd_estoque, data_ultima_compra) VALUES (5, 'Alumínio (leve e baixa corrosão)', 'Fornecedor B', 63, '2022-02-22');
INSERT INTO materias_primas (pk_ID_materia_prima, descricao_materia_prima, fornecedor, qntd_estoque, data_ultima_compra) VALUES (6, 'Ferro (resistente e estável)', 'Fornecedor B', 98, '2019-09-15');
INSERT INTO materias_primas (pk_ID_materia_prima, descricao_materia_prima, fornecedor, qntd_estoque, data_ultima_compra) VALUES (7, 'Aço (resistente e versátil)', 'Fornecedor A', 40, '2019-02-07');
INSERT INTO materias_primas (pk_ID_materia_prima, descricao_materia_prima, fornecedor, qntd_estoque, data_ultima_compra) VALUES (8, 'Aço (resistente e versátil)', 'Fornecedor E', 38, '2020-01-06');
INSERT INTO materias_primas (pk_ID_materia_prima, descricao_materia_prima, fornecedor, qntd_estoque, data_ultima_compra) VALUES (9, 'Bronze (durável e baixa fricção)', 'Fornecedor D', 73, '2022-06-27');
INSERT INTO materias_primas (pk_ID_materia_prima, descricao_materia_prima, fornecedor, qntd_estoque, data_ultima_compra) VALUES (10, 'Alumínio (leve e baixa corrosão)', 'Fornecedor B', 84, '2022-11-25');
INSERT INTO materias_primas (pk_ID_materia_prima, descricao_materia_prima, fornecedor, qntd_estoque, data_ultima_compra) VALUES (11, 'Ferro (resistente e estável)', 'Fornecedor A', 98, '2022-10-21');
INSERT INTO materias_primas (pk_ID_materia_prima, descricao_materia_prima, fornecedor, qntd_estoque, data_ultima_compra) VALUES (12, 'Alumínio (leve e baixa corrosão)', 'Fornecedor C', 98, '2022-03-10');
INSERT INTO materias_primas (pk_ID_materia_prima, descricao_materia_prima, fornecedor, qntd_estoque, data_ultima_compra) VALUES (13, 'Ferro (resistente e estável)', 'Fornecedor C', 55, '2019-03-03');
INSERT INTO materias_primas (pk_ID_materia_prima, descricao_materia_prima, fornecedor, qntd_estoque, data_ultima_compra) VALUES (14, 'Ferro (resistente e estável)', 'Fornecedor B', 80, '2020-11-13');
INSERT INTO materias_primas (pk_ID_materia_prima, descricao_materia_prima, fornecedor, qntd_estoque, data_ultima_compra) VALUES (15, 'Ferro (resistente e estável)', 'Fornecedor F', 51, '2022-12-29');
INSERT INTO materias_primas (pk_ID_materia_prima, descricao_materia_prima, fornecedor, qntd_estoque, data_ultima_compra) VALUES (16, 'Bronze (durável e baixa fricção)', 'Fornecedor C', 59, '2022-01-23');
INSERT INTO materias_primas (pk_ID_materia_prima, descricao_materia_prima, fornecedor, qntd_estoque, data_ultima_compra) VALUES (17, 'Ferro (resistente e estável)', 'Fornecedor E', 81, '2021-12-16');
INSERT INTO materias_primas (pk_ID_materia_prima, descricao_materia_prima, fornecedor, qntd_estoque, data_ultima_compra) VALUES (18, 'Aço (resistente e versátil)', 'Fornecedor A', 57, '2023-01-26');
INSERT INTO materias_primas (pk_ID_materia_prima, descricao_materia_prima, fornecedor, qntd_estoque, data_ultima_compra) VALUES (19, 'Ferro (resistente e estável)', 'Fornecedor A', 68, '2020-12-16');
INSERT INTO materias_primas (pk_ID_materia_prima, descricao_materia_prima, fornecedor, qntd_estoque, data_ultima_compra) VALUES (20, 'Alumínio (leve e baixa corrosão)', 'Fornecedor E', 99, '2021-06-19');
INSERT INTO materias_primas (pk_ID_materia_prima, descricao_materia_prima, fornecedor, qntd_estoque, data_ultima_compra) VALUES (21, 'Bronze (durável e baixa fricção)', 'Fornecedor B', 59, '2019-12-21');
INSERT INTO materias_primas (pk_ID_materia_prima, descricao_materia_prima, fornecedor, qntd_estoque, data_ultima_compra) VALUES (22, 'Alumínio (leve e baixa corrosão)', 'Fornecedor F', 38, '2022-03-31');
INSERT INTO materias_primas (pk_ID_materia_prima, descricao_materia_prima, fornecedor, qntd_estoque, data_ultima_compra) VALUES (23, 'Aço (resistente e versátil)', 'Fornecedor E', 30, '2023-03-24');
INSERT INTO materias_primas (pk_ID_materia_prima, descricao_materia_prima, fornecedor, qntd_estoque, data_ultima_compra) VALUES (24, 'Cobre (durável e maleável)', 'Fornecedor B', 45, '2020-08-24');
INSERT INTO materias_primas (pk_ID_materia_prima, descricao_materia_prima, fornecedor, qntd_estoque, data_ultima_compra) VALUES (25, 'Cobre (durável e maleável)', 'Fornecedor A', 100, '2020-07-20');
INSERT INTO materias_primas (pk_ID_materia_prima, descricao_materia_prima, fornecedor, qntd_estoque, data_ultima_compra) VALUES (26, 'Aço (resistente e versátil)', 'Fornecedor D', 51, '2021-11-18');
INSERT INTO materias_primas (pk_ID_materia_prima, descricao_materia_prima, fornecedor, qntd_estoque, data_ultima_compra) VALUES (27, 'Bronze (durável e baixa fricção)', 'Fornecedor E', 45, '2022-03-26');
INSERT INTO materias_primas (pk_ID_materia_prima, descricao_materia_prima, fornecedor, qntd_estoque, data_ultima_compra) VALUES (28, 'Bronze (durável e baixa fricção)', 'Fornecedor A', 49, '2020-05-06');
INSERT INTO materias_primas (pk_ID_materia_prima, descricao_materia_prima, fornecedor, qntd_estoque, data_ultima_compra) VALUES (29, 'Bronze (durável e baixa fricção)', 'Fornecedor C', 67, '2021-03-05');
INSERT INTO materias_primas (pk_ID_materia_prima, descricao_materia_prima, fornecedor, qntd_estoque, data_ultima_compra) VALUES (30, 'Bronze (durável e baixa fricção)', 'Fornecedor E', 97, '2022-02-13');
INSERT INTO materias_primas (pk_ID_materia_prima, descricao_materia_prima, fornecedor, qntd_estoque, data_ultima_compra) VALUES (31, 'Aço (resistente e versátil)', 'Fornecedor E', 36, '2020-01-08');
INSERT INTO materias_primas (pk_ID_materia_prima, descricao_materia_prima, fornecedor, qntd_estoque, data_ultima_compra) VALUES (32, 'Alumínio (leve e baixa corrosão)', 'Fornecedor C', 62, '2020-04-29');
INSERT INTO materias_primas (pk_ID_materia_prima, descricao_materia_prima, fornecedor, qntd_estoque, data_ultima_compra) VALUES (33, 'Cobre (durável e maleável)', 'Fornecedor A', 87, '2023-03-09');
INSERT INTO materias_primas (pk_ID_materia_prima, descricao_materia_prima, fornecedor, qntd_estoque, data_ultima_compra) VALUES (34, 'Alumínio (leve e baixa corrosão)', 'Fornecedor E', 31, '2023-03-31');
INSERT INTO materias_primas (pk_ID_materia_prima, descricao_materia_prima, fornecedor, qntd_estoque, data_ultima_compra) VALUES (35, 'Aço (resistente e versátil)', 'Fornecedor A', 76, '2020-04-23');
INSERT INTO materias_primas (pk_ID_materia_prima, descricao_materia_prima, fornecedor, qntd_estoque, data_ultima_compra) VALUES (36, 'Aço (resistente e versátil)', 'Fornecedor B', 73, '2022-01-20');
INSERT INTO materias_primas (pk_ID_materia_prima, descricao_materia_prima, fornecedor, qntd_estoque, data_ultima_compra) VALUES (37, 'Ferro (resistente e estável)', 'Fornecedor D', 35, '2023-02-10');
INSERT INTO materias_primas (pk_ID_materia_prima, descricao_materia_prima, fornecedor, qntd_estoque, data_ultima_compra) VALUES (38, 'Alumínio (leve e baixa corrosão)', 'Fornecedor F', 38, '2020-04-20');
INSERT INTO materias_primas (pk_ID_materia_prima, descricao_materia_prima, fornecedor, qntd_estoque, data_ultima_compra) VALUES (39, 'Aço (resistente e versátil)', 'Fornecedor B', 30, '2021-03-11');
INSERT INTO materias_primas (pk_ID_materia_prima, descricao_materia_prima, fornecedor, qntd_estoque, data_ultima_compra) VALUES (40, 'Alumínio (leve e baixa corrosão)', 'Fornecedor A', 45, '2020-08-31');
INSERT INTO materias_primas (pk_ID_materia_prima, descricao_materia_prima, fornecedor, qntd_estoque, data_ultima_compra) VALUES (41, 'Bronze (durável e baixa fricção)', 'Fornecedor F', 90, '2022-06-23');
INSERT INTO materias_primas (pk_ID_materia_prima, descricao_materia_prima, fornecedor, qntd_estoque, data_ultima_compra) VALUES (42, 'Aço (resistente e versátil)', 'Fornecedor F', 52, '2023-02-03');
INSERT INTO materias_primas (pk_ID_materia_prima, descricao_materia_prima, fornecedor, qntd_estoque, data_ultima_compra) VALUES (43, 'Aço (resistente e versátil)', 'Fornecedor E', 78, '2021-03-11');
INSERT INTO materias_primas (pk_ID_materia_prima, descricao_materia_prima, fornecedor, qntd_estoque, data_ultima_compra) VALUES (44, 'Alumínio (leve e baixa corrosão)', 'Fornecedor C', 55, '2019-04-24');
INSERT INTO materias_primas (pk_ID_materia_prima, descricao_materia_prima, fornecedor, qntd_estoque, data_ultima_compra) VALUES (45, 'Aço (resistente e versátil)', 'Fornecedor A', 47, '2023-03-14');
INSERT INTO materias_primas (pk_ID_materia_prima, descricao_materia_prima, fornecedor, qntd_estoque, data_ultima_compra) VALUES (46, 'Cobre (durável e maleável)', 'Fornecedor B', 65, '2018-12-27');
INSERT INTO materias_primas (pk_ID_materia_prima, descricao_materia_prima, fornecedor, qntd_estoque, data_ultima_compra) VALUES (47, 'Cobre (durável e maleável)', 'Fornecedor E', 85, '2023-05-06');
INSERT INTO materias_primas (pk_ID_materia_prima, descricao_materia_prima, fornecedor, qntd_estoque, data_ultima_compra) VALUES (48, 'Bronze (durável e baixa fricção)', 'Fornecedor A', 73, '2020-07-11');
INSERT INTO materias_primas (pk_ID_materia_prima, descricao_materia_prima, fornecedor, qntd_estoque, data_ultima_compra) VALUES (49, 'Cobre (durável e maleável)', 'Fornecedor D', 100, '2022-10-27');
INSERT INTO materias_primas (pk_ID_materia_prima, descricao_materia_prima, fornecedor, qntd_estoque, data_ultima_compra) VALUES (50, 'Ferro (resistente e estável)', 'Fornecedor A', 89, '2019-06-07');
INSERT INTO materias_primas (pk_ID_materia_prima, descricao_materia_prima, fornecedor, qntd_estoque, data_ultima_compra) VALUES (51, 'Cobre (durável e maleável)', 'Fornecedor E', 32, '2022-11-20');
INSERT INTO materias_primas (pk_ID_materia_prima, descricao_materia_prima, fornecedor, qntd_estoque, data_ultima_compra) VALUES (52, 'Ferro (resistente e estável)', 'Fornecedor A', 75, '2022-08-01');
INSERT INTO materias_primas (pk_ID_materia_prima, descricao_materia_prima, fornecedor, qntd_estoque, data_ultima_compra) VALUES (53, 'Cobre (durável e maleável)', 'Fornecedor C', 73, '2020-03-27');
INSERT INTO materias_primas (pk_ID_materia_prima, descricao_materia_prima, fornecedor, qntd_estoque, data_ultima_compra) VALUES (54, 'Alumínio (leve e baixa corrosão)', 'Fornecedor F', 78, '2020-10-14');
INSERT INTO materias_primas (pk_ID_materia_prima, descricao_materia_prima, fornecedor, qntd_estoque, data_ultima_compra) VALUES (55, 'Alumínio (leve e baixa corrosão)', 'Fornecedor A', 79, '2023-01-24');
INSERT INTO materias_primas (pk_ID_materia_prima, descricao_materia_prima, fornecedor, qntd_estoque, data_ultima_compra) VALUES (56, 'Cobre (durável e maleável)', 'Fornecedor C', 85, '2020-04-17');
INSERT INTO materias_primas (pk_ID_materia_prima, descricao_materia_prima, fornecedor, qntd_estoque, data_ultima_compra) VALUES (57, 'Alumínio (leve e baixa corrosão)', 'Fornecedor C', 78, '2023-05-27');
INSERT INTO materias_primas (pk_ID_materia_prima, descricao_materia_prima, fornecedor, qntd_estoque, data_ultima_compra) VALUES (58, 'Bronze (durável e baixa fricção)', 'Fornecedor F', 59, '2022-02-05');
INSERT INTO materias_primas (pk_ID_materia_prima, descricao_materia_prima, fornecedor, qntd_estoque, data_ultima_compra) VALUES (59, 'Ferro (resistente e estável)', 'Fornecedor E', 60, '2022-01-25');
INSERT INTO materias_primas (pk_ID_materia_prima, descricao_materia_prima, fornecedor, qntd_estoque, data_ultima_compra) VALUES (60, 'Cobre (durável e maleável)', 'Fornecedor A', 52, '2022-11-13');
INSERT INTO materias_primas (pk_ID_materia_prima, descricao_materia_prima, fornecedor, qntd_estoque, data_ultima_compra) VALUES (61, 'Aço (resistente e versátil)', 'Fornecedor D', 86, '2021-06-25');
INSERT INTO materias_primas (pk_ID_materia_prima, descricao_materia_prima, fornecedor, qntd_estoque, data_ultima_compra) VALUES (62, 'Alumínio (leve e baixa corrosão)', 'Fornecedor E', 67, '2020-07-11');
INSERT INTO materias_primas (pk_ID_materia_prima, descricao_materia_prima, fornecedor, qntd_estoque, data_ultima_compra) VALUES (63, 'Alumínio (leve e baixa corrosão)', 'Fornecedor F', 39, '2022-05-08');
INSERT INTO materias_primas (pk_ID_materia_prima, descricao_materia_prima, fornecedor, qntd_estoque, data_ultima_compra) VALUES (64, 'Aço (resistente e versátil)', 'Fornecedor A', 64, '2021-05-21');
INSERT INTO materias_primas (pk_ID_materia_prima, descricao_materia_prima, fornecedor, qntd_estoque, data_ultima_compra) VALUES (65, 'Ferro (resistente e estável)', 'Fornecedor A', 70, '2023-03-11');
INSERT INTO materias_primas (pk_ID_materia_prima, descricao_materia_prima, fornecedor, qntd_estoque, data_ultima_compra) VALUES (66, 'Alumínio (leve e baixa corrosão)', 'Fornecedor E', 61, '2022-11-20');
INSERT INTO materias_primas (pk_ID_materia_prima, descricao_materia_prima, fornecedor, qntd_estoque, data_ultima_compra) VALUES (67, 'Aço (resistente e versátil)', 'Fornecedor D', 87, '2022-10-09');
INSERT INTO materias_primas (pk_ID_materia_prima, descricao_materia_prima, fornecedor, qntd_estoque, data_ultima_compra) VALUES (68, 'Cobre (durável e maleável)', 'Fornecedor F', 82, '2021-09-29');
INSERT INTO materias_primas (pk_ID_materia_prima, descricao_materia_prima, fornecedor, qntd_estoque, data_ultima_compra) VALUES (69, 'Aço (resistente e versátil)', 'Fornecedor F', 45, '2019-05-25');
INSERT INTO materias_primas (pk_ID_materia_prima, descricao_materia_prima, fornecedor, qntd_estoque, data_ultima_compra) VALUES (70, 'Cobre (durável e maleável)', 'Fornecedor A', 38, '2023-02-18');
INSERT INTO materias_primas (pk_ID_materia_prima, descricao_materia_prima, fornecedor, qntd_estoque, data_ultima_compra) VALUES (71, 'Ferro (resistente e estável)', 'Fornecedor A', 99, '2020-10-26');
INSERT INTO materias_primas (pk_ID_materia_prima, descricao_materia_prima, fornecedor, qntd_estoque, data_ultima_compra) VALUES (72, 'Alumínio (leve e baixa corrosão)', 'Fornecedor D', 85, '2022-05-03');
INSERT INTO materias_primas (pk_ID_materia_prima, descricao_materia_prima, fornecedor, qntd_estoque, data_ultima_compra) VALUES (73, 'Ferro (resistente e estável)', 'Fornecedor A', 52, '2023-02-22');
INSERT INTO materias_primas (pk_ID_materia_prima, descricao_materia_prima, fornecedor, qntd_estoque, data_ultima_compra) VALUES (74, 'Alumínio (leve e baixa corrosão)', 'Fornecedor D', 85, '2022-12-27');
INSERT INTO materias_primas (pk_ID_materia_prima, descricao_materia_prima, fornecedor, qntd_estoque, data_ultima_compra) VALUES (75, 'Ferro (resistente e estável)', 'Fornecedor B', 50, '2021-09-17');
INSERT INTO materias_primas (pk_ID_materia_prima, descricao_materia_prima, fornecedor, qntd_estoque, data_ultima_compra) VALUES (76, 'Alumínio (leve e baixa corrosão)', 'Fornecedor E', 49, '2022-03-13');
INSERT INTO materias_primas (pk_ID_materia_prima, descricao_materia_prima, fornecedor, qntd_estoque, data_ultima_compra) VALUES (77, 'Alumínio (leve e baixa corrosão)', 'Fornecedor E', 39, '2019-09-21');
INSERT INTO materias_primas (pk_ID_materia_prima, descricao_materia_prima, fornecedor, qntd_estoque, data_ultima_compra) VALUES (78, 'Aço (resistente e versátil)', 'Fornecedor A', 80, '2021-08-29');
INSERT INTO materias_primas (pk_ID_materia_prima, descricao_materia_prima, fornecedor, qntd_estoque, data_ultima_compra) VALUES (79, 'Ferro (resistente e estável)', 'Fornecedor B', 50, '2019-06-09');
INSERT INTO materias_primas (pk_ID_materia_prima, descricao_materia_prima, fornecedor, qntd_estoque, data_ultima_compra) VALUES (80, 'Cobre (durável e maleável)', 'Fornecedor B', 83, '2019-01-08');
INSERT INTO materias_primas (pk_ID_materia_prima, descricao_materia_prima, fornecedor, qntd_estoque, data_ultima_compra) VALUES (81, 'Ferro (resistente e estável)', 'Fornecedor A', 94, '2022-10-06');
INSERT INTO materias_primas (pk_ID_materia_prima, descricao_materia_prima, fornecedor, qntd_estoque, data_ultima_compra) VALUES (82, 'Bronze (durável e baixa fricção)', 'Fornecedor A', 37, '2022-10-10');
INSERT INTO materias_primas (pk_ID_materia_prima, descricao_materia_prima, fornecedor, qntd_estoque, data_ultima_compra) VALUES (83, 'Cobre (durável e maleável)', 'Fornecedor F', 40, '2021-07-21');
INSERT INTO materias_primas (pk_ID_materia_prima, descricao_materia_prima, fornecedor, qntd_estoque, data_ultima_compra) VALUES (84, 'Cobre (durável e maleável)', 'Fornecedor E', 70, '2022-08-04');
INSERT INTO materias_primas (pk_ID_materia_prima, descricao_materia_prima, fornecedor, qntd_estoque, data_ultima_compra) VALUES (85, 'Alumínio (leve e baixa corrosão)', 'Fornecedor D', 54, '2023-05-13');
INSERT INTO materias_primas (pk_ID_materia_prima, descricao_materia_prima, fornecedor, qntd_estoque, data_ultima_compra) VALUES (86, 'Bronze (durável e baixa fricção)', 'Fornecedor A', 71, '2019-07-01');
INSERT INTO materias_primas (pk_ID_materia_prima, descricao_materia_prima, fornecedor, qntd_estoque, data_ultima_compra) VALUES (87, 'Ferro (resistente e estável)', 'Fornecedor A', 42, '2019-06-10');
INSERT INTO materias_primas (pk_ID_materia_prima, descricao_materia_prima, fornecedor, qntd_estoque, data_ultima_compra) VALUES (88, 'Bronze (durável e baixa fricção)', 'Fornecedor C', 55, '2021-11-22');
INSERT INTO materias_primas (pk_ID_materia_prima, descricao_materia_prima, fornecedor, qntd_estoque, data_ultima_compra) VALUES (89, 'Bronze (durável e baixa fricção)', 'Fornecedor D', 45, '2019-12-11');
INSERT INTO materias_primas (pk_ID_materia_prima, descricao_materia_prima, fornecedor, qntd_estoque, data_ultima_compra) VALUES (90, 'Alumínio (leve e baixa corrosão)', 'Fornecedor F', 49, '2019-10-04');

SELECT * FROM materias_primas;

-- -----------------------------------------------------------------------------------------------------------------------------------
INSERT INTO fornecedores (pk_ID_fornecedor, nome_fornecedor, endereco, contato, avalicao_do_fornecedor) VALUES (1, 'Fornecedor B', 'Avenida B', '2144466501', 'Bom');
INSERT INTO fornecedores (pk_ID_fornecedor, nome_fornecedor, endereco, contato, avalicao_do_fornecedor) VALUES (2, 'Fornecedor C', 'Rua F', '6245842059', 'Regular');
INSERT INTO fornecedores (pk_ID_fornecedor, nome_fornecedor, endereco, contato, avalicao_do_fornecedor) VALUES (3, 'Fornecedor F', 'Rua F', '1374736419', 'Ótimo');
INSERT INTO fornecedores (pk_ID_fornecedor, nome_fornecedor, endereco, contato, avalicao_do_fornecedor) VALUES (4, 'Fornecedor B', 'Travessa C', '3967836133', 'Regular');
INSERT INTO fornecedores (pk_ID_fornecedor, nome_fornecedor, endereco, contato, avalicao_do_fornecedor) VALUES (5, 'Fornecedor C', 'Avenida G', '9788577844', 'Bom');
INSERT INTO fornecedores (pk_ID_fornecedor, nome_fornecedor, endereco, contato, avalicao_do_fornecedor) VALUES (6, 'Fornecedor D', 'Avenida E', '7172960175', 'Excelente');
INSERT INTO fornecedores (pk_ID_fornecedor, nome_fornecedor, endereco, contato, avalicao_do_fornecedor) VALUES (7, 'Fornecedor C', 'Avenida E', '8458419435', 'Regular');
INSERT INTO fornecedores (pk_ID_fornecedor, nome_fornecedor, endereco, contato, avalicao_do_fornecedor) VALUES (8, 'Fornecedor C', 'Rua A', '6377951577', 'Regular');
INSERT INTO fornecedores (pk_ID_fornecedor, nome_fornecedor, endereco, contato, avalicao_do_fornecedor) VALUES (9, 'Fornecedor F', 'Travessa C', '8257355338', 'Bom');
INSERT INTO fornecedores (pk_ID_fornecedor, nome_fornecedor, endereco, contato, avalicao_do_fornecedor) VALUES (10, 'Fornecedor A', 'Avenida G', '7031063005', 'Regular');
INSERT INTO fornecedores (pk_ID_fornecedor, nome_fornecedor, endereco, contato, avalicao_do_fornecedor) VALUES (11, 'Fornecedor C', 'Rua F', '9129674354', 'Excelente');
INSERT INTO fornecedores (pk_ID_fornecedor, nome_fornecedor, endereco, contato, avalicao_do_fornecedor) VALUES (12, 'Fornecedor E', 'Rua D', '7274715549', 'Ótimo');
INSERT INTO fornecedores (pk_ID_fornecedor, nome_fornecedor, endereco, contato, avalicao_do_fornecedor) VALUES (13, 'Fornecedor C', 'Avenida G', '4188542504', 'Excelente');
INSERT INTO fornecedores (pk_ID_fornecedor, nome_fornecedor, endereco, contato, avalicao_do_fornecedor) VALUES (14, 'Fornecedor E', 'Travessa C', '1202273362', 'Bom');
INSERT INTO fornecedores (pk_ID_fornecedor, nome_fornecedor, endereco, contato, avalicao_do_fornecedor) VALUES (15, 'Fornecedor C', 'Rua F', '5116038698', 'Excelente');
INSERT INTO fornecedores (pk_ID_fornecedor, nome_fornecedor, endereco, contato, avalicao_do_fornecedor) VALUES (16, 'Fornecedor B', 'Rua A', '2752986575', 'Excelente');
INSERT INTO fornecedores (pk_ID_fornecedor, nome_fornecedor, endereco, contato, avalicao_do_fornecedor) VALUES (17, 'Fornecedor F', 'Travessa C', '7096530406', 'Bom');
INSERT INTO fornecedores (pk_ID_fornecedor, nome_fornecedor, endereco, contato, avalicao_do_fornecedor) VALUES (18, 'Fornecedor D', 'Rua D', '7846652103', 'Regular');
INSERT INTO fornecedores (pk_ID_fornecedor, nome_fornecedor, endereco, contato, avalicao_do_fornecedor) VALUES (19, 'Fornecedor A', 'Avenida E', '6746002080', 'Ótimo');
INSERT INTO fornecedores (pk_ID_fornecedor, nome_fornecedor, endereco, contato, avalicao_do_fornecedor) VALUES (20, 'Fornecedor A', 'Rua A', '8235497213', 'Excelente');
INSERT INTO fornecedores (pk_ID_fornecedor, nome_fornecedor, endereco, contato, avalicao_do_fornecedor) VALUES (21, 'Fornecedor C', 'Rua D', '3143017749', 'Ótimo');
INSERT INTO fornecedores (pk_ID_fornecedor, nome_fornecedor, endereco, contato, avalicao_do_fornecedor) VALUES (22, 'Fornecedor E', 'Rua D', '7797807598', 'Excelente');
INSERT INTO fornecedores (pk_ID_fornecedor, nome_fornecedor, endereco, contato, avalicao_do_fornecedor) VALUES (23, 'Fornecedor A', 'Rua F', '6158683432', 'Excelente');
INSERT INTO fornecedores (pk_ID_fornecedor, nome_fornecedor, endereco, contato, avalicao_do_fornecedor) VALUES (24, 'Fornecedor B', 'Avenida B', '1595130311', 'Regular');
INSERT INTO fornecedores (pk_ID_fornecedor, nome_fornecedor, endereco, contato, avalicao_do_fornecedor) VALUES (25, 'Fornecedor F', 'Avenida E', '3293802367', 'Excelente');
INSERT INTO fornecedores (pk_ID_fornecedor, nome_fornecedor, endereco, contato, avalicao_do_fornecedor) VALUES (26, 'Fornecedor E', 'Avenida G', '3863068143', 'Excelente');
INSERT INTO fornecedores (pk_ID_fornecedor, nome_fornecedor, endereco, contato, avalicao_do_fornecedor) VALUES (27, 'Fornecedor C', 'Rua F', '3637101654', 'Excelente');
INSERT INTO fornecedores (pk_ID_fornecedor, nome_fornecedor, endereco, contato, avalicao_do_fornecedor) VALUES (28, 'Fornecedor F', 'Rua A', '2381999087', 'Bom');
INSERT INTO fornecedores (pk_ID_fornecedor, nome_fornecedor, endereco, contato, avalicao_do_fornecedor) VALUES (29, 'Fornecedor C', 'Avenida G', '3559739033', 'Regular');
INSERT INTO fornecedores (pk_ID_fornecedor, nome_fornecedor, endereco, contato, avalicao_do_fornecedor) VALUES (30, 'Fornecedor D', 'Rua A', '5006135456', 'Bom');
INSERT INTO fornecedores (pk_ID_fornecedor, nome_fornecedor, endereco, contato, avalicao_do_fornecedor) VALUES (31, 'Fornecedor B', 'Rua A', '3984064632', 'Ótimo');
INSERT INTO fornecedores (pk_ID_fornecedor, nome_fornecedor, endereco, contato, avalicao_do_fornecedor) VALUES (32, 'Fornecedor D', 'Avenida E', '5688437256', 'Regular');
INSERT INTO fornecedores (pk_ID_fornecedor, nome_fornecedor, endereco, contato, avalicao_do_fornecedor) VALUES (33, 'Fornecedor C', 'Rua D', '7073701552', 'Ótimo');
INSERT INTO fornecedores (pk_ID_fornecedor, nome_fornecedor, endereco, contato, avalicao_do_fornecedor) VALUES (34, 'Fornecedor E', 'Rua F', '8385416754', 'Ótimo');
INSERT INTO fornecedores (pk_ID_fornecedor, nome_fornecedor, endereco, contato, avalicao_do_fornecedor) VALUES (35, 'Fornecedor D', 'Rua F', '6274920291', 'Regular');
INSERT INTO fornecedores (pk_ID_fornecedor, nome_fornecedor, endereco, contato, avalicao_do_fornecedor) VALUES (36, 'Fornecedor E', 'Avenida G', '8604292147', 'Bom');
INSERT INTO fornecedores (pk_ID_fornecedor, nome_fornecedor, endereco, contato, avalicao_do_fornecedor) VALUES (37, 'Fornecedor F', 'Avenida E', '3352306672', 'Ótimo');
INSERT INTO fornecedores (pk_ID_fornecedor, nome_fornecedor, endereco, contato, avalicao_do_fornecedor) VALUES (38, 'Fornecedor A', 'Rua F', '7393409597', 'Excelente');
INSERT INTO fornecedores (pk_ID_fornecedor, nome_fornecedor, endereco, contato, avalicao_do_fornecedor) VALUES (39, 'Fornecedor F', 'Avenida E', '6922236204', 'Regular');
INSERT INTO fornecedores (pk_ID_fornecedor, nome_fornecedor, endereco, contato, avalicao_do_fornecedor) VALUES (40, 'Fornecedor D', 'Avenida E', '5283696069', 'Excelente');
INSERT INTO fornecedores (pk_ID_fornecedor, nome_fornecedor, endereco, contato, avalicao_do_fornecedor) VALUES (41, 'Fornecedor E', 'Rua F', '1666620778', 'Bom');
INSERT INTO fornecedores (pk_ID_fornecedor, nome_fornecedor, endereco, contato, avalicao_do_fornecedor) VALUES (42, 'Fornecedor D', 'Rua A', '1419051410', 'Regular');
INSERT INTO fornecedores (pk_ID_fornecedor, nome_fornecedor, endereco, contato, avalicao_do_fornecedor) VALUES (43, 'Fornecedor F', 'Avenida E', '6749075325', 'Regular');
INSERT INTO fornecedores (pk_ID_fornecedor, nome_fornecedor, endereco, contato, avalicao_do_fornecedor) VALUES (44, 'Fornecedor D', 'Avenida G', '6703718742', 'Excelente');
INSERT INTO fornecedores (pk_ID_fornecedor, nome_fornecedor, endereco, contato, avalicao_do_fornecedor) VALUES (45, 'Fornecedor B', 'Rua A', '5496424638', 'Ótimo');
INSERT INTO fornecedores (pk_ID_fornecedor, nome_fornecedor, endereco, contato, avalicao_do_fornecedor) VALUES (46, 'Fornecedor F', 'Rua F', '7854368356', 'Regular');
INSERT INTO fornecedores (pk_ID_fornecedor, nome_fornecedor, endereco, contato, avalicao_do_fornecedor) VALUES (47, 'Fornecedor C', 'Travessa C', '2122296972', 'Regular');
INSERT INTO fornecedores (pk_ID_fornecedor, nome_fornecedor, endereco, contato, avalicao_do_fornecedor) VALUES (48, 'Fornecedor B', 'Rua A', '3741107840', 'Regular');
INSERT INTO fornecedores (pk_ID_fornecedor, nome_fornecedor, endereco, contato, avalicao_do_fornecedor) VALUES (49, 'Fornecedor C', 'Avenida E', '9693924397', 'Ótimo');
INSERT INTO fornecedores (pk_ID_fornecedor, nome_fornecedor, endereco, contato, avalicao_do_fornecedor) VALUES (50, 'Fornecedor D', 'Rua A', '8577374834', 'Ótimo');
INSERT INTO fornecedores (pk_ID_fornecedor, nome_fornecedor, endereco, contato, avalicao_do_fornecedor) VALUES (51, 'Fornecedor C', 'Avenida E', '8041047010', 'Regular');
INSERT INTO fornecedores (pk_ID_fornecedor, nome_fornecedor, endereco, contato, avalicao_do_fornecedor) VALUES (52, 'Fornecedor B', 'Rua A', '5355201970', 'Ótimo');
INSERT INTO fornecedores (pk_ID_fornecedor, nome_fornecedor, endereco, contato, avalicao_do_fornecedor) VALUES (53, 'Fornecedor A', 'Avenida B', '3209520476', 'Excelente');
INSERT INTO fornecedores (pk_ID_fornecedor, nome_fornecedor, endereco, contato, avalicao_do_fornecedor) VALUES (54, 'Fornecedor F', 'Avenida E', '7504660606', 'Bom');
INSERT INTO fornecedores (pk_ID_fornecedor, nome_fornecedor, endereco, contato, avalicao_do_fornecedor) VALUES (55, 'Fornecedor D', 'Rua F', '4718914692', 'Ótimo');
INSERT INTO fornecedores (pk_ID_fornecedor, nome_fornecedor, endereco, contato, avalicao_do_fornecedor) VALUES (56, 'Fornecedor E', 'Rua D', '9375137785', 'Ótimo');
INSERT INTO fornecedores (pk_ID_fornecedor, nome_fornecedor, endereco, contato, avalicao_do_fornecedor) VALUES (57, 'Fornecedor C', 'Travessa C', '7829506308', 'Bom');
INSERT INTO fornecedores (pk_ID_fornecedor, nome_fornecedor, endereco, contato, avalicao_do_fornecedor) VALUES (58, 'Fornecedor C', 'Rua A', '1923653688', 'Ótimo');
INSERT INTO fornecedores (pk_ID_fornecedor, nome_fornecedor, endereco, contato, avalicao_do_fornecedor) VALUES (59, 'Fornecedor D', 'Rua F', '6051757496', 'Bom');
INSERT INTO fornecedores (pk_ID_fornecedor, nome_fornecedor, endereco, contato, avalicao_do_fornecedor) VALUES (60, 'Fornecedor F', 'Travessa C', '5294009234', 'Bom');
INSERT INTO fornecedores (pk_ID_fornecedor, nome_fornecedor, endereco, contato, avalicao_do_fornecedor) VALUES (61, 'Fornecedor C', 'Rua A', '3598392133', 'Regular');
INSERT INTO fornecedores (pk_ID_fornecedor, nome_fornecedor, endereco, contato, avalicao_do_fornecedor) VALUES (62, 'Fornecedor F', 'Avenida B', '5537089532', 'Regular');
INSERT INTO fornecedores (pk_ID_fornecedor, nome_fornecedor, endereco, contato, avalicao_do_fornecedor) VALUES (63, 'Fornecedor F', 'Rua F', '7377590936', 'Ótimo');
INSERT INTO fornecedores (pk_ID_fornecedor, nome_fornecedor, endereco, contato, avalicao_do_fornecedor) VALUES (64, 'Fornecedor B', 'Avenida B', '8686206637', 'Bom');
INSERT INTO fornecedores (pk_ID_fornecedor, nome_fornecedor, endereco, contato, avalicao_do_fornecedor) VALUES (65, 'Fornecedor E', 'Avenida G', '6734910565', 'Bom');
INSERT INTO fornecedores (pk_ID_fornecedor, nome_fornecedor, endereco, contato, avalicao_do_fornecedor) VALUES (66, 'Fornecedor C', 'Rua F', '6146461235', 'Ótimo');
INSERT INTO fornecedores (pk_ID_fornecedor, nome_fornecedor, endereco, contato, avalicao_do_fornecedor) VALUES (67, 'Fornecedor F', 'Avenida B', '7021674623', 'Ótimo');
INSERT INTO fornecedores (pk_ID_fornecedor, nome_fornecedor, endereco, contato, avalicao_do_fornecedor) VALUES (68, 'Fornecedor A', 'Avenida B', '3986036524', 'Excelente');
INSERT INTO fornecedores (pk_ID_fornecedor, nome_fornecedor, endereco, contato, avalicao_do_fornecedor) VALUES (69, 'Fornecedor D', 'Avenida E', '2744104005', 'Excelente');
INSERT INTO fornecedores (pk_ID_fornecedor, nome_fornecedor, endereco, contato, avalicao_do_fornecedor) VALUES (70, 'Fornecedor C', 'Avenida E', '8472394947', 'Excelente');
INSERT INTO fornecedores (pk_ID_fornecedor, nome_fornecedor, endereco, contato, avalicao_do_fornecedor) VALUES (71, 'Fornecedor E', 'Travessa C', '8063185959', 'Excelente');
INSERT INTO fornecedores (pk_ID_fornecedor, nome_fornecedor, endereco, contato, avalicao_do_fornecedor) VALUES (72, 'Fornecedor E', 'Travessa C', '1589907240', 'Excelente');
INSERT INTO fornecedores (pk_ID_fornecedor, nome_fornecedor, endereco, contato, avalicao_do_fornecedor) VALUES (73, 'Fornecedor A', 'Avenida E', '4843166281', 'Excelente');
INSERT INTO fornecedores (pk_ID_fornecedor, nome_fornecedor, endereco, contato, avalicao_do_fornecedor) VALUES (74, 'Fornecedor A', 'Rua D', '2712276917', 'Regular');
INSERT INTO fornecedores (pk_ID_fornecedor, nome_fornecedor, endereco, contato, avalicao_do_fornecedor) VALUES (75, 'Fornecedor B', 'Rua D', '7717917092', 'Regular');
INSERT INTO fornecedores (pk_ID_fornecedor, nome_fornecedor, endereco, contato, avalicao_do_fornecedor) VALUES (76, 'Fornecedor B', 'Rua D', '5935386172', 'Bom');
INSERT INTO fornecedores (pk_ID_fornecedor, nome_fornecedor, endereco, contato, avalicao_do_fornecedor) VALUES (77, 'Fornecedor B', 'Rua F', '7937678522', 'Excelente');
INSERT INTO fornecedores (pk_ID_fornecedor, nome_fornecedor, endereco, contato, avalicao_do_fornecedor) VALUES (78, 'Fornecedor E', 'Rua D', '7937840040', 'Regular');
INSERT INTO fornecedores (pk_ID_fornecedor, nome_fornecedor, endereco, contato, avalicao_do_fornecedor) VALUES (79, 'Fornecedor A', 'Avenida G', '2774044312', 'Regular');
INSERT INTO fornecedores (pk_ID_fornecedor, nome_fornecedor, endereco, contato, avalicao_do_fornecedor) VALUES (80, 'Fornecedor D', 'Avenida B', '6131802862', 'Bom');
INSERT INTO fornecedores (pk_ID_fornecedor, nome_fornecedor, endereco, contato, avalicao_do_fornecedor) VALUES (81, 'Fornecedor E', 'Avenida E', '6945991441', 'Ótimo');
INSERT INTO fornecedores (pk_ID_fornecedor, nome_fornecedor, endereco, contato, avalicao_do_fornecedor) VALUES (82, 'Fornecedor B', 'Avenida E', '7367843071', 'Bom');
INSERT INTO fornecedores (pk_ID_fornecedor, nome_fornecedor, endereco, contato, avalicao_do_fornecedor) VALUES (83, 'Fornecedor F', 'Avenida B', '4075123722', 'Ótimo');
INSERT INTO fornecedores (pk_ID_fornecedor, nome_fornecedor, endereco, contato, avalicao_do_fornecedor) VALUES (84, 'Fornecedor E', 'Rua D', '8169626380', 'Excelente');
INSERT INTO fornecedores (pk_ID_fornecedor, nome_fornecedor, endereco, contato, avalicao_do_fornecedor) VALUES (85, 'Fornecedor E', 'Travessa C', '2131727584', 'Regular');
INSERT INTO fornecedores (pk_ID_fornecedor, nome_fornecedor, endereco, contato, avalicao_do_fornecedor) VALUES (86, 'Fornecedor C', 'Rua D', '3898696803', 'Ótimo');
INSERT INTO fornecedores (pk_ID_fornecedor, nome_fornecedor, endereco, contato, avalicao_do_fornecedor) VALUES (87, 'Fornecedor A', 'Avenida E', '7925530315', 'Bom');
INSERT INTO fornecedores (pk_ID_fornecedor, nome_fornecedor, endereco, contato, avalicao_do_fornecedor) VALUES (88, 'Fornecedor F', 'Avenida G', '2965093744', 'Ótimo');
INSERT INTO fornecedores (pk_ID_fornecedor, nome_fornecedor, endereco, contato, avalicao_do_fornecedor) VALUES (89, 'Fornecedor A', 'Avenida B', '8427006610', 'Regular');
INSERT INTO fornecedores (pk_ID_fornecedor, nome_fornecedor, endereco, contato, avalicao_do_fornecedor) VALUES (90, 'Fornecedor F', 'Rua D', '7309931415', 'Bom');

SELECT * FROM fornecedores;
